URL,Product Name,Price (in ₹),Prodcut ratings,Number of reviews
www.amazon.in/Gear-Colorado-Orange-Laptop-Backpack/dp/B097K6KD7W,F Gear Colorado Grey Orange 39 Ltrs Laptop Backpack (3814),728,4.3 out of 5 stars,158
www.amazon.in/F-Gear-Luxur-Brown-Backpack/dp/B01F7AX9ZA,F Gear Luxur Brown 25 liter Laptop Backpack (2404),980,4.4 out of 5 stars,"16,736"
www.amazon.in/F-Gear-Tycoon-Laptop-Backpack/dp/B071XJ6XV5,F Gear Tycoon 27 Liters Laptop Backpack Sch Bag(Black),"1,149",4.4 out of 5 stars,239
www.amazon.in/F-Gear-Blow-Laptop-Backpack-Red/dp/B0749MPCFT,"F Gear Blow Laptop Backpack With Rain Cover 32 Liters (Red,Grey) Sch Bag","1,014",4.4 out of 5 stars,285
www.amazon.in/F-Gear-Blow-Laptop-Backpack/dp/B078J63VRY,"F Gear Blow Laptop Backpack With Rain Cover 32 Liters (Black,Grey) Sch Bag","1,099",4.3 out of 5 stars,"1,276"
www.amazon.in/F-Gear-Samurai-Black-Laptop-Backpack/dp/B071F2M8CW,F Gear Samurai 29 Ltrs Black Casual Backpack,"1,079",4.1 out of 5 stars,88
www.amazon.in/F-Gear-Sedna-Laptop-Backpack-Brown/dp/B072N83D9M,F Gear Sedna 27 Liters Laptop Backpack Sch Bag(Brown),"1,249",4.2 out of 5 stars,168
www.amazon.in/F-Gear-President-Brown-Laptop-Backpack/dp/B06XW7FSHF,F Gear President Brown 30 liter Laptop Backpack Sch Bag,"1,390",4.3 out of 5 stars,533
www.amazon.in/F-Gear-Carlton-Laptop-Backpack-Black/dp/B072R5Z149,F Gear Carlton V2 Leather 27 Liters Laptop Backpack Sch Bag(Black),"1,049",4.2 out of 5 stars,60
www.amazon.in/F-Gear-Tandrum-Leather-Laptop-Backpack/dp/B071GY723F,F Gear Tandrum V2 Leather 28 Liters Laptop Backpack Sch Bag(Black),"1,145",4.3 out of 5 stars,241
www.amazon.in/Gear-Firefly-Laptop-Rucksack-Liters/dp/B074DWN7NS,"F Gear Firefly V2 Laptop Rucksack 40 Liters (Navy blue, Yellow) Sch Bag","1,749",4.3 out of 5 stars,123
www.amazon.in/F-Gear-Samurai-Brown-Laptop-Backpack/dp/B071HNJXTF,F Gear Samurai Brown 30 liter Laptop Backpack Sch Bag,"1,079",4.5 out of 5 stars,75
www.amazon.in/F-Gear-Fortune-Backpack-Navy-Blue/dp/B07B7K7212,"F Gear Fortune Navy Blue, Red 27 Liters Laptop Backpack (2700)",884,4.1 out of 5 stars,497
www.amazon.in/F-Gear-Burner-Art-Black-Laptop-Backpack/dp/B085QX7J7R,F Gear Burner Art Lthr Black 22 Ltrs Laptop Backpack (3344),752,4.2 out of 5 stars,457
www.amazon.in/F-Gear-Bluechip%C2%A0Black-38-Ltrs-Laptop-Backpack/dp/B08Z83XFWB,F Gear Bluechip Black 30 Ltrs Laptop Backpack (3749),899,3.4 out of 5 stars,34
www.amazon.in/F-Gear-Millionaire-Doby-Black-Laptop-Backpack/dp/B07XMLCYTH,F Gear Millionaire Doby 36 Ltrs Black Laptop Backpack (3201),"1,049",4.1 out of 5 stars,35
www.amazon.in/F-Gear-CEO-Black-Laptop-Backpack/dp/B01N0TG2DH,F Gear CEO Black 25 liter Laptop Backpack,"1,160",4.4 out of 5 stars,663
www.amazon.in/F-Gear-Royal-Laptop-Backpack/dp/B00FXR0SQG,F Gear,599,4.1 out of 5 stars,830
www.amazon.in/F-Gear-Milestone-Casual-Laptop-Backpack/dp/B08FX1R6WY,F Gear Milestone Olive Casual 20 Ltrs Laptop Backpack (3376),"1,490",4.0 out of 5 stars,747
www.amazon.in/Gear-Colorado-Navy-Laptop-Backpack/dp/B097K6SPH7,F Gear Colorado Navy Lmn yelw 39 Ltrs Laptop Backpack (3813),"1,023",4.2 out of 5 stars,100
www.amazon.in/F-Gear-Luxur-Black-Backpack/dp/B01F7AJ8MI,F Gear Luxur Black 25 liter Laptop Backpack,999,4.3 out of 5 stars,"4,994"
www.amazon.in/F-Gear-Luxur-Anti-Theft-Backpack-Brown/dp/B07BWD6797,F Gear Luxur Anti Theft 25 Liters Laptop Backpack (Brown),980,4.4 out of 5 stars,"1,868"
www.amazon.in/F-Gear-Bi-Frost-Executive-Backpack/dp/B06X9KNMS2,F Gear Bi Frost Executive Black 28 Liter Laptop Backpack (2540),"1,299",4.4 out of 5 stars,644
www.amazon.in/F-Gear-Talent-Laptop-Backpack-Grey/dp/B078KS2FX1,"F Gear Talent Laptop Backpack With Rain Cover 32 Liters (Grey,Black)",919,4.4 out of 5 stars,"1,124"
www.amazon.in/Wesley-Milestone-Waterproof-Backpack-Business/dp/B084JGJ8PF,Wesley Milestone 2.0 Casual Waterproof Laptop Backpack/Office Bag/School Bag/College Bag/Business Bag/Travel Backpack (Dimensions:13x18 inches) (Compatible with 39.62cm(15.6inch laptop) 30 L (Blue & black),"1,370",4 Stars & Up,"10,947"
www.amazon.in/Number-Backpack-Compartment-Charging-Organizer/dp/B09VTDMRY7,"FUR JADEN Anti Theft Number Lock Backpack Bag with 15.6 Inch Laptop Compartment, USB Charging Port & Organizer Pocket for Men Women Boys Girls",529,3 Stars & Up,"4,037"
www.amazon.in/Half-Moon-Waterproof-Backpack-Students/dp/B085MHDJ93,"Half Moon 35L Water Resistant 15.6 inch Laptop Bag for Men/Backpack for Men, Navy Blue | Office Bag for Men/Office Bag for Women with Padded Laptop Compartment | Rain Cover & Reflective Strips",529.,2 Stars & Up,"15,936"
www.amazon.in/ADISA-Laptop-Backpack-Office-College/dp/B09TPX22NF,ADISA 15.6 inch Laptop Backpack Office Bag College Travel Back Pack 32 Ltrs (z-Navy Blue),529.,1 Star & Up,806
www.amazon.in/TRUE-HUMAN-Anti-Theft-backpack-charging/dp/B09QJ7ZF2Y,"TRUE HUMAN Emperor Anti-Theft backpack With USB charging Port Laptop Bag, Office bag, college bag and anti -theft back pocket (Black)",529.,3.9 out of 5 stars,"2,038"
www.amazon.in/Safari-45L-21-OB-BLK/dp/B07BZ5VC4H,Safari Seek 45 Ltrs Overnighter Expandable Travel Laptop Backpack,529.,Previous page,"7,045"
www.amazon.in/Lunars-Bingo-Laptop-Resistant-48L/dp/B08YZ8FFBZ,Lunar's Bingo - 48 L Laptop Office/School/Travel/Business Backpack Water Resistant - Fits Up to 15.6 Inch Laptop Notebook with 1 Year Warranty,529.,Next page,"9,509"
www.amazon.in/Wesley-Spartan-Hiking-Raincover-Organiser/dp/B098QFF5TJ,Wesley Spartan Unisex Travel Hiking Laptop Bag fits Upto 17.3 inch with Raincover and Internal Organiser Backpack Rucksack College Bag,529.,Previous page,"1,279"
www.amazon.in/Gear-Black-Laptop-Backpack-LBPASPIRE0104/dp/B075MK4TXP,Gear Aspire 30L Water Restant Office Laptop Bag/Backpack for Men/Women/(Black),"1,499.",Next page,"5,602"
www.amazon.in/Genie-Glitter-Backpack-Women-compartments/dp/B097JHQH13,"Genie Glitter Backpack for Women - 3 compartments, Laptop Bags for Girls, Stylish and Trendy College Backpacks for Girls, Water Resistant and Lightweight Bags for Office and Travelling Purpose.",599,Previous page,686
www.amazon.in/Half-Moon-Resistant-Backpack-Compartment/dp/B0BJ32LQ6X,Half Moon Large 37L Laptop Bag Backpack for menं Women Boys and Girls Luggage Travel Bags with 17.3 inches Laptop Compartment & Rain Cover,599.,3.5 out of 5 stars,"2,770"
www.amazon.in/Lenovo-15-6-Inches-Everyday-Backpack/dp/B08R7RPVJF,"Lenovo 15.6"" (39.62cm) Slim Everyday Backpack, Made in India, Compact, Water-resistant, Organized storage:Laptop sleeve,tablet pocket,front workstation,2-side pockets,Padded adjustable shoulder straps",599.,4.3 out of 5 stars,"3,049"
www.amazon.in/ADISA-Laptop-Backpack-Office-College/dp/B0BPVLXD53,ADISA 32L Large Laptop Backpack Office Bag College Travel Back Pack with rain Cover (Grey),599.,4.0 out of 5 stars,144
www.amazon.in/Gear-Classic-Leather-Backpack-LBPCLSLTH0201/dp/B07G4F6XFH,Gear Classic 20L Faux Leather Water Resistant Anti Theft Laptop Bag/Backpack for Men/Women-Brown,599.,4.0 out of 5 stars,"5,704"
www.amazon.in/Safari-Laptop-Backpack-Resistant-Fabric/dp/B09B25Z8M2,"Safari Quill Laptop Backpack 26 Ltrs Water Resistant Fabric - Black, L (QUILL19CBBLK)",599.,3.9 out of 5 stars,851
www.amazon.in/Safari-Laptop-Backpack-Resistant-Fabric/dp/B09B28TKLG,"Safari Quill Laptop Backpack 26 Ltrs Water Resistant Fabric - Blue, L (QUILL19CBBLU)",599.,4.2 out of 5 stars,602
www.amazon.in/POLESTAR-Vintage-Laptop-Backpack-bagpack/dp/B081GSQ9D9,"POLESTAR Vintage 15.6 inch 32 LTR Casual Laptop Backpack/Office Bag/School Bag/College Bag/Business Bag/Unisex Backpack, Water Resistant and Light Weight, 1 year Warranty",699.,Next page,"8,842"
www.amazon.in/Gear-Vintage2-Leather-Backpack-LBPVG2LTH0101/dp/B07G44G1DC,Gear Vintage2 28L Faux Leather Water Resistant Anti Theft Laptop Bag/Backpack for Men/Women-Black,649.,3.9 out of 5 stars,"1,770"
www.amazon.in/Wesley-Milestone-Waterproof-Backpack-Business/dp/B07K8KLB3P,"Wesley Unisex Milestone Casual Waterproof Laptop Office School College Business Travel Backpack 25 L (Dimensions: 12.5x18 inches) (Compatible with 15.6 inch laptops), Navy Blue",598,3.9 out of 5 stars,"12,766"
www.amazon.in/Half-Moon-Trekking-Bags-Compartment/dp/B08PSX1LN9,Half Moon 45L Hammer Waterproof Laptop Travelling Rucksack Trekking Backpack for Travel Journey bags for Men Women Boys & Girls with 17.3inch Laptop Compartment & Rain cover,699,4.0 out of 5 stars,"1,223"
www.amazon.in/ADISA-BP005-Weight-Casual-Backpack/dp/B07F3X45WZ,ADISA Light Weight Laptop Backpack 32 Ltrs,529,4.0 out of 5 stars,"5,863"
www.amazon.in/Fur-Jaden-Black-Waterproof-Backpack/dp/B078GLXMDY,FUR JADEN Anti Theft Backpack 15.6 Inch Laptop Bag with USB Charging Port For Men Women Boys Girls,499,4.0 out of 5 stars,"11,079"
www.amazon.in/ADISA-BP004-Weight-Casual-Backpack/dp/B07G3CG9FC,ADISA Laptop Backpack 31 Ltrs,599,3.0 out of 5 stars,"9,289"
www.amazon.in/Artistix-Backpack-Anti-Theft-Charging-Resistance/dp/B082PKX18C,"Artistix Talon Anti Theft Design Laptop Backpack, With USB Charging Port (46 Cm, 25L,Black)","1,999",4.0 out of 5 stars,"3,286"
www.amazon.in/HEROZ-Backpack-Resistant-Durable-Notebook/dp/B09B7KC93T,HEROZ Hammer Unisex Nylon 35 L Travel Laptop Backpack Water Resistant Slim Durable Fits Up to 17.3 Inch Laptop Notebook (Black),899,4.0 out of 5 stars,"1,130"
www.amazon.in/HEROZ-Backpack-Resistant-Computer-17-3-inch/dp/B083N3DCTM,HEROZ Hacker 50 litres Nylon Travel Laptop Backpack Water Resistant Slim Durable Computer Book Bag Tracking Fits Up to 17.3-inch Laptop (058- ALL) (Navy Blue),698,4.0 out of 5 stars,"3,799"
www.amazon.in/HEROZ-Hammer-Durable-Travel-Laptop/dp/B07MGDFT9C,HEROZ Hammer Unisex Nylon 45 L Travel Laptop Backpack Water Resistant Slim Durable Fits Up to 17.3 Inch Laptop Notebook (All) (Grey & Black),"1,050",4.0 out of 5 stars,"7,880"
www.amazon.in/HEROZ-Backpack-Resistant-Notebook-Airforce/dp/B07MCRHSVP,HEROZ Harbour Unisex Nylon 28 L Travel Laptop Backpack Water Resistant Slim Durable Fits Up to 15.6 Inch Laptop Notebook (153-ALL) (Air Force Blue),"1,099",4.0 out of 5 stars,"5,919"
www.amazon.in/HEROZ-Backpack-Anti-Theft-Business-Charging/dp/B0BJ5NHX4D,"HEROZ Hybrid Laptop Backpack, Unisex Anti-Theft Travel Backpack, Business School Bookbag with USB Charging Port for Men & Women Fit for 15.6 Inches Laptop (Brown)","1,199",4.0 out of 5 stars,2
www.amazon.in/Heroz-Marquis-Polyester-Laptop-Messenger/dp/B07NBWD6DT,"HEROZ Unisex Marquis Polyester 28"" Black Laptop/Messenger Bag",749,3.0 out of 5 stars,2
www.amazon.in/HEROZ-Backpack-Anti-Theft-Business-Charging/dp/B0BJ6H9KPQ,"HEROZ Hybrid Laptop Backpack, Unisex Anti-Theft Travel Backpack, Business School Bookbag with USB Charging Port for Men & Women Fit for 15.6 Inches Laptop (Grey)",649,3.0 out of 5 stars,422
www.amazon.in/HEROZ-Backpack-Swimming-Resistant-Notebook/dp/B08CSWQF93,HEROZ Combo of Hammer & Young Gym bgas Unisex Nylon 45 L+22 L Travel Laptop Backpack Yoga Swimming Water Resistant Slim Durable Fits Up to 17.3 Inch Laptop Notebook (Grey & Navy Blue),599,3.8 out of 5 stars,457
www.amazon.in/Arctic-Hunter-Hustle-Anti-Theft-Waterproof/dp/B0978KPKQJ,"WALKENT ARCTIC HUNTER 17"" inch Laptop Bag 41L (Model Hustle) Expandable, Waterproof, External USB, Anti-Theft Backpack for Office Men Women",988,Previous page,381
www.amazon.in/WALKENT-Craft-Laptop-Bag-Anti-Theft/dp/B0978JT5HR,"WALKENT Premium 15.6 Inch Laptop Bag Anti-Theft, Waterproof Backpack, External USB, Trolley Strap,Multiple Pockets, Cushioned Strap, Bags for Office College - Craft (27 Ltr)",849,Next page,48
www.amazon.in/WALKENT-Bagpack-Waterproof-Function-Pockets/dp/B09BVWXBFG,"ARCTIC HUNTER 15.6"" Laptop Bag (Model Aura) Two Side Bottle Pocket, Waterproof, Multi-Function Pockets for Office College Men Women",849,Previous page,30
www.amazon.in/WALKENT-Wick-Detachable-Anti-Theft-Waterproof/dp/B09BVWXWQQ,"WALKENT ARCTIC HUNTER Waterproof 17"" Laptop Bag - Anti-Theft, External USB, Expandable for Men Women",549,Next page,4
www.amazon.in/Neel-Backpack-College-Resistant-Shoulder/dp/B0BG5PQ2XW,Neel Casual Backpack|Soft Trendy College Backpack for Men Boys| Laptop Backpack|Water Resistant Bags|Shoulder Travel Bag,990,Previous page,11
www.amazon.in/WALKENT-Groove-Anti-Theft-Waterproof-Backpack/dp/B0B6C4JRYP,"ARCTIC HUNTER 15.6"" Laptop Bag (Model Groove) Anti-Theft, Waterproof Backpack for Office, College, Men, Women",425,3.6 out of 5 stars,344
www.amazon.in/Grear-Waterproof-Laptop-Bakpack-Multipurpose/dp/B092KHH2HC,Grear Waterproof 15.6 inch Laptop Bakpack/Office Bag/School Bag/Multipurpose Bag for Men & Women,"1,199",3.8 out of 5 stars,1
www.amazon.in/Polyester-Adjustable-Expendable-Compartments-Szeentp/dp/B091FRC6C2,"15.6"" Casual Polyester Casual Laptop Bags/Backpack for Men with Adjustable Strap Expendable with 2 Compartments by Szeentp",499,3.7 out of 5 stars,2
www.amazon.in/LeeRooy-Premium-15-6-Inch-Laptop-Backpack/dp/B0832QP2YS,LeeRoo 15.6 inch 20 L Waterproof Laptop Backpack/Office Bag/School Bag/College Bag/Business Bag/Unisex Travel Backpack,899,3.8 out of 5 stars,1
www.amazon.in/Prakash-Bags-PLP-503-Laptop-Backpack/dp/B089FFHH66,Prakash Backpack for Men Women Boys Girls | Office/School/College | Teens & Students | Casual Bags (35 Ltrs)(Grey),499,4.0 out of 5 stars,75
www.amazon.in/Prakash-PLP-507-Laptop-Backpack-Brown/dp/B0859568YT,Prakash Backpack for Men Women Boys Girls | Office/School/College | Students | Casual Bags (36 Ltrs) (Brown),999,3.9 out of 5 stars,2
www.amazon.in/Theft-Repellent-Laptop-Backpack-Charging/dp/B09CLMD3T1,BAGELLO bag Anti Theft Water Repellent 15.6 Inch Laptop Backpack Bag with USB Charging Port (GB-1),"1,199",Next page,1
www.amazon.in/JAIRAJ-OVERSEAS-College-Backpack-Compartment/dp/B0BCPWM9YD,JAIRAJ OVERSEAS 40 L School Bags & College Backpack | Casual Bag with Laptop Compartment & Rain Cover (BLACK) (021),"1,599",3.8 out of 5 stars,1
www.amazon.in/Perinto-Backpack-Waterproof-College-Business/dp/B0B39CPVDK,Perinto Laptop Backpack 40 Liters Waterproof Office Bag/School Bag/College Bag/Business Bag And Travel Backpack,"1,499",3.8 out of 5 stars,21
www.amazon.in/LeeRooy-Premium-Compartment-College-Backpack/dp/B08CRJ1G1L,LeeRooy Premium Canvas 32 Lit School Bag with Laptop Compartment School Bag/Laptop Bag/College Bag/Backpack for Girls and Boys and Men&Women,841,4.0 out of 5 stars,12
www.amazon.in/Resistant-College-School-Computer-Backpacks/dp/B08RBWHDPJ,FEDRA Water Resistant College School Book Bag Laptop Computer Travel Backpacks Laptop Bag for Women Men,"1,599",4.0 out of 5 stars,60
www.amazon.in/Lightweight-backpack-Backpack-children-Resistant/dp/B0C2HQ6FLR,"Alpha Baaz School and college Lightweight Casual backpack, mini Laptop and tablets Backpack for Men, Women and children (Water Resistant,medium size)",899,4.0 out of 5 stars,81
www.amazon.in/Charged-Sports-Utile-Laptop-Staunch/dp/B09BMBGMXZ,Charged Sports Bag Utile Laptop Bag Blue with Gowin Court Shoe Staunch White Grey Lime Size 6,"1,599",4.0 out of 5 stars,3
www.amazon.in/BG09_Multi-LeeRooy-Backpack-Business-Resistant/dp/B08JVD7LWP,"BG09_Multi LeeRooy Laptop Backpack,Business Travel Durable Laptops Backpack, Water Resistant College School Computer Bag for Women & Men Fits 15.6 Inch Laptop and Notebook","1,899",4.0 out of 5 stars,5
www.amazon.in/JAIRAJ-OVERSEAS-College-Backpack-Compartment/dp/B0BV6LMK57,JAIRAJ OVERSEAS 35 L School Bags & College Backpack | Casual Bag with Laptop Compartment & Rain Cover (BLACK) (021),248,4.0 out of 5 stars,356
www.amazon.in/POSTAN-Shoulder-Waterproof-Backpack-Business/dp/B0BPPPLYHD,"POSTAN 20 L Black Grey Shoulder Strap Waterproof Laptop Backpack/Office Bag/School Bag/College Bag/Business Bag/Travel Backpack for Teen Girls, Boys & Adults - BLACK GREY COMBO",248.,3.0 out of 5 stars,532
www.amazon.in/Vmitra-Anti-Theft-Backpack-Charging/dp/B0BRKRNWJ7,Vmitra Anti Theft Backpack 15.6 Inch Laptop Bag with USB Charging Port,248.,5.0 out of 5 stars,"8,339"
www.amazon.in/Actra-Travelling-Polyester-Resistant-Ergonomic/dp/B09VT33JR8,Actra Galaxy Premium Travelling & Laptop Bags | Laptop Bag For Women & Men | Premium Polyester Fabric & Water Resistant Lining | Stylish Backpack Ergonomic Design | Padded Strap & Back,248.,5.0 out of 5 stars,"3,862"
www.amazon.in/Attraction-Polyester-Laptop-Backpack-Compartments/dp/B08TK4RLYP,Attraction 45L Large Polyester Laptop Backpack with 3 Compartments and Rain Cover,248.,5.0 out of 5 stars,5
www.amazon.in/ZIPLOC-Polyester-Waterproof-Backpack-Business/dp/B099FFLQ5Q,ZIPLOC Polyester 42 Liters Waterproof Laptop Backpack/Office Bag/School Bag/College Bag/Business Bag/Unisex Travel Backpack (Black),248.,5.0 out of 5 stars,"6,989"
www.amazon.in/ZIPLOC-Polyester-Waterproof-Backpack-Business/dp/B0B8W5G51N,ZIPLOC Polyester 31 Liters Waterproof Laptop Backpack/Office Bag/School Bag/College Bag/Business Bag/Unisex Travel Backpack,248.,4.3 out of 5 stars,26
www.amazon.in/ZIPLOC-Laptop-Sleeve-Cover-Neoprene/dp/B08RYRDM1T,"ZIPLOC Laptop Bag Sleeve Case Cover Neoprene (Black, 14 Inch)",248.,4.0 out of 5 stars,"5,239"
www.amazon.in/Heart-choice-bag-compartment-Waterproof/dp/B0BS96JHR2,"Heart choice stylish college school travel office bag, Casual laptop compartment,Casual Backpack for Men Women Boys Girls Waterproof (kids Girls Pink)",669.,3.9 out of 5 stars,1
www.amazon.in/Heart-choice-bag-compartment-Backpack/dp/B0BC8PYYM7,"Heart choice stylish college school travel office bag, Casual laptop compartment,Casual Backpack for Men Women Boys Girls",279.,3.9 out of 5 stars,2
www.amazon.in/Heart-choice-bag-compartment-Waterproof/dp/B0BSHG95NZ,"Heart choice stylish college school travel office bag, Casual laptop compartment Backpack for Men Women Boys Girls Waterproof","3,478",3.8 out of 5 stars,7
www.amazon.in/Heart-choice-bag-compartment-Waterproof/dp/B0BSHGCDPQ,"Heart choice stylish college school travel office bag, Casual laptop compartment,Casual Backpack for Men Women Boys Girls Waterproof","3,590",4.5 out of 5 stars,3
www.amazon.in/Casual-bagpack-School-Laptop-Backpack/dp/B08BS1P5WF,Casual bagpack/School Bag/Laptop Backpack Pink Hearts,"2,490",3.9 out of 5 stars,1
www.amazon.in/Heart-choice-bag-compartment-Waterproof/dp/B0BS9774GF,"Heart choice stylish college school travel office bag, Casual laptop compartment,Casual Backpack for Men Women Boys Girls Waterproof (kids Girls Blue)","3,642",4.1 out of 5 stars,28
www.amazon.in/Polyester-Backpacks-Teenager-Waterproof-Backpack/dp/B0892DKSQS,Unicorn Backpack for Kid Girl 5 to 13 Year Olds Toddler School Bookbag Backpack,"4,290",4.3 out of 5 stars,32
www.amazon.in/Heart-choice-bag-compartment-Waterproof/dp/B0BS3Z1SSZ,"Heart choice stylish college school travel office bag, Casual laptop compartment,Casual Backpack forMen Women Boys Girls Waterproof (FH BLACK)",697,4.3 out of 5 stars,872
www.amazon.in/Heart-choice-bag-compartment-Waterproof/dp/B0BSHF6FHW,"Heart choice stylish college school travel office bag, Casual laptop compartment, Backpack for Men Women Boys Girls Waterproof","2,450",3.9 out of 5 stars,134
www.amazon.in/Heart-choice-bag-compartment-Waterproof/dp/B0BS3W46C4,"Heart choice stylish college school travel office bag, Casual laptop compartment,Casual Backpack forMen Women Boys Girls Waterproof (Sktr Yellow patti Green)",425,4.4 out of 5 stars,11
www.amazon.in/Heart-choice-bag-compartment-Waterproof/dp/B0BS17LT8P,"Heart choice stylish college school travel office bag, Casual laptop compartment,Casual Backpack forMen Women Boys Girls Waterproof (Sktr Blue patti Black)",349,3.8 out of 5 stars,178
www.amazon.in/Heartstopper-Peripheral-Backpack-Large-Capacity-Cross-Border/dp/B0BNH9LGXR,PE® Heartstopper Peripheral Printed Backpack Large-Capacity Student School Bag USB Computer Bag Cross-Border Direct Supply | #1,511,4.4 out of 5 stars,197
www.amazon.in/Blubags-Military-Laptop-Polyster-Bagpack/dp/B08HCGPDFH,Blubags Military Laptop Green Color Polyster Bagpack & Military Watch Combo (Blue),579,3.9 out of 5 stars,441
www.amazon.in/Kipling-Seoul-Laptop-Backpack-Conversation/dp/B08FXYG9V9,Kipling Clas Seoul Large Laptop Backpack,520,4.0 out of 5 stars,"1,390"
www.amazon.in/Svenklas-Yellow-Organic-Cotton-Backpack/dp/B07JMHJHT8,Svenklas Hagen Backpack - 20 L Organic Cotton Italian Leather 16” Inch Laptop Bag For Men and Women,549,3.9 out of 5 stars,"2,206"
www.amazon.in/Leather-Backpack-Vintage-Professional-Resistant/dp/B07Y6F2SRR,"Vegan Leather Backpack Slim Vintage Laptop Backpack for Women Men, Professional Water Resistant Brown College School Bookbag Weekend Travel Daypack Bag",599,4.4 out of 5 stars,950
www.amazon.in/Outdoor-Backpack-Camping-Rucksack-Shoulder/dp/B07MLVFC9D,"KAUKKO Laptop Outdoor Backpack, Travel Hiking& Camping Rucksack Pack, Casual Large College School Daypack, Shoulder Book Bags Back Fits 15"" Laptop & Tablets Mini Size(6black)",459,4.3 out of 5 stars,20
www.amazon.in/Ronyes-Bookbags-Rucksack-Backpack-LightGreen/dp/B07M95224C,Unisex College Bag Fits up to 15.6’’ Laptop Casual Rucksack Waterproof School Backpack Daypacks,615,4.1 out of 5 stars,92
www.amazon.in/MANCIO-Backpack-Charging-Resistant-Business/dp/B07GTVMFD8,"MANCIO Slim Vintage Laptop Backpack For women,Men For Travel, College,School Dayparks, Fits up to 15.6Inch Macbook",499,4.0 out of 5 stars,"2,231"
www.amazon.in/Prayer%C2%AE-backpack-Backpack-College-Students/dp/B09HKS3D25,"PRAYER® casual backpack Laptop Bag/Backpack for Men Women Boys Girls/Office,School College Teens & Students with Rain Cover pack of",459,4.0 out of 5 stars,"1,453"
www.amazon.in/Svenklas-Amber-Backpack-Black-Size/dp/B07CL8XX7K,Svenklas Amber Backpack | 22 L Premium Designer Everyday Travel 16” Inch Laptop Leather Bag For Men and Women,"1,244",4.0 out of 5 stars,222
www.amazon.in/Kaukko-Outdoor-Backpack-Rucksack-Shoulder/dp/B01NGZIKKS,"Kaukko Laptop Outdoor Backpack, Travel Hiking& Camping Rucksack Pack, Casual Large College School Daypack, Shoulder Book Bags Back Fits 15"" Laptop & Tablets (Eblack2pc)",515,4.3 out of 5 stars,3
www.amazon.in/LANDICI-Backpack-Business-Waterproof-Compartment/dp/B09JVHVKZH,"LANDICI Laptop Backpack for Women Men,College Backpack Bookbag Commuter Bag for Teens with 14 15 15.6 Inch Laptop Compartment",599,4 Stars & Up,22
www.amazon.in/UGRACE-Backpack-Charging-Resistant-Travelling/dp/B07MFLKD4X,"UGRACE Vintage Laptop Backpack with USB Charging Port, Elegant Water Resistant Travelling Backpack Casual Daypacks School Shoulder Bag for Men Women, Fits up to 15.6Inch Macbook in Green",758,3 Stars & Up,1
www.amazon.in/CARRY-TRIP-Shoulder-Crossbody-Boyfriend/dp/B08L7XX8JV,"CARRY TRIP Men's Canvas with Leather Laptop Shoulder Cum Backpack Bag (1 Piece, Green)","1,299",2 Stars & Up,291
www.amazon.in/Hidesign-Laptop-Gareth-HD-827/dp/B07Y3LC4J5,Hidesign,849,1 Star & Up,"11,290"
www.amazon.in/Mona-B-Flap-Back-Pack/dp/B00URJ5MHK,Mona B Unisex Canvas Back Pack for Office | School and College with Upto 14” Laptop/Mac Book/Tablet,"1,599",4.2 out of 5 stars,136
www.amazon.in/Backpack-unisex-USB-Compartment-Backpacks/dp/B0BLV5T9BC,"Vintage Laptop Backpack for Women Men,unisex School College Backpack with USB Charging Port Fashion Backpack Fits 15.inch Laptop Backpack Compartment for 13-15.6 Inch Laptop -Travel, College Backpacks",849,4.2 out of 5 stars,1
www.amazon.in/Antin-Unisex-Shoulder-Messenger-Compartment/dp/B087YTQRL2,Antin Black Unisex Laptop Bag Cross Over Shoulder Messenger Bag with Laptop Compartment,397,4.3 out of 5 stars,3
www.amazon.in/Mona-Unisex-Canvas-Office-College/dp/B0BR86KPWW,Mona B Unisex Canvas Back Pack for Office | School and College with Upto 14” Laptop/ Mac Book/ Tablet,399,4.1 out of 5 stars,11
www.amazon.in/BATUM-Astro-Canvas-Leather-Backpack/dp/B0BJ8QN31V,BATUM Astro Waxed Canvas Leather Laptop Backpack,471,2.8 out of 5 stars,2
www.amazon.in/TYCON-Genuine-Capacity-compartment-compartments/dp/B0BRCQK632,"TYCON Genuine Leather Laptop bag 15 L Capacity, College/ School/Office/ Casual/ Style with 16"" laptop compartment and other 3 compartments",399,5.0 out of 5 stars,"9,978"
www.amazon.in/Mona-Unisex-Canvas-Office-College/dp/B0BRB5GX8N,"Mona B Unisex Canvas Back Pack for Office, School and College With 14” Laptop/Mac Book/Tablet",449,4.1 out of 5 stars,782
www.amazon.in/PARADOX-Vintage-Collage-Backpack-Charging/dp/B08XLZ8JVR,PARADOX Vintage Collage Laptop Backpack With USB Charging Port Unisex (Grey),999,4.0 out of 5 stars,826
www.amazon.in/Tenba-DNA-15-Backpack-Graphite/dp/B077DMMSQR,Tenba DNA 15 Backpack - Graphite (638-385),399,Previous page,1
www.amazon.in/Maxpedition-CCW-Enabled-Backpack-Concealed-Charcoal/dp/B079YYPRGY,"Maxpedition Gear Entity 27 CCW-Enabled Laptop Backpack 27L for Covert Concealed Carry, Charcoal","6,979",Next page,1
www.amazon.in/PARADOX-Vintage-Collage-Backpack-Charging/dp/B09DD7879Q,PARADOX Vintage Collage Laptop Backpack Without USB Charging Port Unisex,499,Previous page,1
www.amazon.in/Thule-Subterra-3203441-Backpack-Mineral/dp/B01MRXESV2,Thule Subterra Travel 34L Backpack,499,Next page,"5,682"
www.amazon.in/American-Tourister-BACKPACK-COMPARTMENT-ORGANIZER/dp/B0BTD4S4XF,"American Tourister VALEX BLACK LAPTOP BACKPACK 28 Ltrs,Volume, LAPTOP COMPARTMENT, BOTTLE POCKET, FRONT ORGANIZER",449,Previous page,"3,290"
www.amazon.in/uppercase-Backpack-2300EBP1-repellent-sustainable/dp/B0B69M182Q,"uppercase Medium 17 Ltrs Vegan Leather (upto 14 inch) Laptop Backpack 2300EBP1 3x more water resistant sustainable bags with rain proof zippers for Men, Women, Boys and Girls, 750 Days warranty",449,4.1 out of 5 stars,3
www.amazon.in/Cosmus-Casual-Backpack-Charger-College/dp/B08D7DTWLF,Cosmus Vogue Casual Laptop Backpack with USB Charger Port 46cm 26 Litre Dark Grey College Bag,"6,489",4.0 out of 5 stars,718
www.amazon.in/COSMUS-Fabric-Grey-Laptop-Backpack/dp/B077P6ZGWS,COSMUS Darwin Dx Laptop Backpack - 29 litres Linen Polyester Durable Fabric Office Laptop Bag,799,4.2 out of 5 stars,652
www.amazon.in/COSMUS-Polyester-Multi-functional-Convertible-15-6-Inch/dp/B07D1R1K84,COSMUS Agility Convertible Backpack Messenger Bag Shoulder bag Laptop Case Handbag Business Briefcase Multi-functional Travel Bag Fits 15.6 Inch Laptop,"18,072.",3.7 out of 5 stars,203
www.amazon.in/TEAL-CHUMBAK-Backpack-College-Business/dp/B0BX3QVZQK,TEAL BY CHUMBAK Women's Laptop Backpack,"3,449",4.1 out of 5 stars,348
www.amazon.in/Flytop-Backpack-Waterproof-Laptop-Bag/dp/B0BTB9NB6M,Flytop 30 Ltrs Blue Casual Backpack/Waterproof Laptop Bag/School/College/Office/Business/Travel Bag/Unisex Backpack for Boys and Girls Men & Women with Rain cover,"6,000.",Next page,"8,939"
www.amazon.in/Topprosper-Bookbag-Backpack-Taehyung-Jungkook/dp/B09NGPQBDH,Topprosper KPOP Bangtan Boys BTS Bookbag Travel Backpack Jimin Suga Jin Taehyung V Jungkook Korean Casual Backpack Daypack Laptop Bag College Bag School Bag,"11,020.",4.0 out of 5 stars,"1,628"
www.amazon.in/COSMUS-Multipurpose-Backpack-Bag-compartment/dp/B078JXC2L4,"COSMUS Madison waterproof Multipurpose Backpack With laptop compartment , 33L","5,975",4.0 out of 5 stars,356
www.amazon.in/AUXTER-School-Casual-Backpack-Compartment/dp/B07KRDY2FC,AUXTER UNB Army Camouflage School Bag Casual Backpack College Bag With Laptop Compartment,"7,649",4.0 out of 5 stars,291
www.amazon.in/Lavie-Sport-Casual-Backpack-PERK/dp/B083KT79N3,Lavie Sport Perk 36 litres Backpack with Laptop Sleeve | School College Bag for Boys & Girls,649,4.0 out of 5 stars,43
www.amazon.in/Flytop-Backpack-College-Spacy-Reflective/dp/B0BW14VZJ1,Flytop Large 37 L Backpack/School Bag/College/Laptop/Office/Travel/Spacy Unisex Backpack with Rain Cover and Reflective Strip,"4,499",4.0 out of 5 stars,116
www.amazon.in/lynx-School-compartments-Backpack-Trending/dp/B08GJLJC7C,lynx School Bag & Travel with 4 compartments 15.6 inch Laptop Bag/Backpack for Girls and Boys Trending Backpack for Men and Women (Blue),"9,091",4.0 out of 5 stars,68
www.amazon.in/Flytop-35L-Backpack-College-upto17-3/dp/B0BT752FVW,Flytop Large 35L Laptop Bag Backpack for men Women Boys and Girls School/College Luggage Travel Bags fits upto17.3 inches Laptop with Rain Cover,"6,095.",4.0 out of 5 stars,154
www.amazon.in/SKYBAGS-Campus-College-Laptop-Backpack/dp/B084258ZD8,SKYBAGS Campus Grey Logo Print College Laptop Backpack 30L,"5,320",4.0 out of 5 stars,"1,943"
www.amazon.in/Killer-Backpack-Compartments-Polyester-Waterproof/dp/B07CDD6YS2,KILLER Louis 38L Large Laptop Backpack With 3 Compartments Polyester Trendy Waterproof Travel Backpack,"2,499",4.0 out of 5 stars,156
www.amazon.in/Cosmus-Casual-Grey-Laptop-Backpack/dp/B08R7LWTHT,Cosmus ACE Casual Grey 45 cm 22 Ltr Laptop Backpack Bag,"10,695",4.0 out of 5 stars,111
www.amazon.in/Flytop-Backpack-Waterproof-College-Business/dp/B0BTB7VF3F,Flytop 35 Ltrs Casual Backpack Waterproof Laptop Bag/School Bag/College Bag/Office Bag/Business Travel Bag/Unisex Backpack for Boys and Girls,"2,045",4.0 out of 5 stars,202
www.amazon.in/Clownfish-Resistant-Polyester-Business-Backpack/dp/B09RQRYLDW,The Clownfish Water Resistant Polyester Unisex Business Travel Laptop Backpack,988,4.0 out of 5 stars,174
www.amazon.in/Purpose-inches-Backpack-Polyester-Compartments/dp/B07DWXMNR2,"COSMUS Laptop Bags (35 L, 18.50 inches, Red)","2,300",4.4 out of 5 stars,202
www.amazon.in/Stallion-Backpack-Polyester-15-6-inch-Laptops/dp/B09SWW7RMM,COSMUS Stallion Laptop Backpack 20 L Polyester Bag for 15.6-inch Laptops,"2,510",4.2 out of 5 stars,29
www.amazon.in/COSMUS-Polyester-Black-Laptop-Backpack/dp/B01FU4B9JG,Cosmus Darwin 29 litres Office Backpack - Sleek Everyday use Backpack - Black,"2,859",4.4 out of 5 stars,102
www.amazon.in/Killer-Gliding-Resistance-Polyester-Backpack/dp/B07VGSBL1K,KILLER Gliding 36 Litres 15.6 Inch Water Resistance Polyester Laptop Backpack,"4,000",4.0 out of 5 stars,221
www.amazon.in/Clownfish-Sovereign-Leather-Backpack-Laptops/dp/B08B3GL2QF,The Clownfish Fredrick 27 liters Faux Leather Mature Laptop Backpack for Men and Women for 15.6 Inch Laptops (Hickory),"2,417",5.0 out of 5 stars,"2,175"
www.amazon.in/UNISEX-SCHOOL-BACKPACK-LAPTOP-COMPARTMENT/dp/B0BY9DJNCN,TIGER PRINT UNISEX SCHOOL BACKPACK WITH LAPTOP COMPARTMENT,"1,199",4.0 out of 5 stars,"1,179"
www.amazon.in/WILD-MODA-Wildmoda-Premium-Backpack/dp/B0BX8YZKH2,WILD MODA Wildmoda Premium Faux Leather Laptop Backpack for Men and Women 25 L Laptop Backpack,"32,388",3.6 out of 5 stars,7
www.amazon.in/WILDMODA-Imperial-Unisex-College-Backpack/dp/B084Q2F7L7,WILD MODA IMPERIAL UNISEX COLLEGE BACKPACK WITH LAPTOP COMPARTMENT (Grey),"29,800",5.0 out of 5 stars,457
www.amazon.in/WILDMODA-College-School-Backpack-Compartment/dp/B0865XFMK2,WILD MODA COLLEGE & SCHOOL BACKPACK WITH LAPTOP COMPARTMENT (Black & Orange),"1,199",5.0 out of 5 stars,"1,445"
www.amazon.in/WILDMODA-Imperial-Unisex-Laptop-Backpack/dp/B084QF4BHX,WILDMODA Imperial Unisex Laptop Backpack (Black),"25,152",5.0 out of 5 stars,74
www.amazon.in/WILD-MODA-Companion-Backpack-Compartment/dp/B0C5JKSDDW,WILD MODA Campus Companion Backpack for School and College with Laptop Compartment,"1,299",3.3 out of 5 stars,148
www.amazon.in/WILD-MODA-Multipurpose-Outdoor-Backpack/dp/B08GFCTPMH,WILD MODA Multipurpose Outdoor Backpack with Laptop Sleeve,"1,600",2.1 out of 5 stars,569
www.amazon.in/Wildcraft-Wolf_Blk-Casual-Backpack-11629-Wolf_Blk/dp/B079DDT65R,Nylon 44 Ltrs Casual Backpack (11629-Wolf_Black),"1,328",4.0 out of 5 stars,212
www.amazon.in/Wildcraft-Turnaround-Polyester-Laptop-8903340000000/dp/B012D4QWES,Turnaround Polyester 14 inch 27 Ltrs Blue Laptop Bag (8903340000000),"1,451",5.0 out of 5 stars,532
www.amazon.in/Wildcraft-Casual-backpack-45L-12956/dp/B0BZVCHKTD,Casual backpack 45L (12956),"1,613",3.6 out of 5 stars,137
www.amazon.in/Wildcraft-Wolf_Blu-Casual-Backpack-11629-Wolf_Blu/dp/B079DFHYHP,44 Ltrs Casual Backpack (11629-Wolf_Blue),"2,141",4 Stars & Up,181
www.amazon.in/Wildcraft-Polyester-Black-Laptop-8903338054290/dp/B012D4QKHW,44 cms Polyester Black Laptop Bag (8903338054290),"2,327",3 Stars & Up,204
www.amazon.in/Wildcraft-Black-Casual-Backpack-11649-Black/dp/B079DW4ZC9,29 Ltrs Black Casual Backpack (11649-Black),"1,647",2 Stars & Up,13
www.amazon.in/Wildcraft-Black-Casual-Backpack-11652-Black/dp/B079Q79FX5,31 Ltrs Black Casual Backpack (11652-Black),729,1 Star & Up,612
www.amazon.in/Wildcraft-Ltrs-orange-Rucksack-8903338073864/dp/B01G5I8YLC,45 Ltrs Grey and Orange Rucksack,999,3.5 out of 5 stars,18
www.amazon.in/Wildcraft-Black-Backpack-WC-Dare/dp/B06XD713N9,Polyester 35 Ltrs Black and Mel Backpack (WC 5 Dare),"1,375",4.1 out of 5 stars,48
www.amazon.in/Wildcraft-Green-Casual-Backpack-11650-Green/dp/B079DV66TY,29.5 Ltrs Green Casual Backpack (11650-Green),628.,4.6 out of 5 stars,58
www.amazon.in/Wildcraft-Blaze-Casual-Backpack-12274_Tiger_Blue/dp/B0836P4LBQ,44 Ltrs Blaze 3 Bike Top Blue Casual Backpack (12274_Tiger_Blue)(HxWxD : 19x13.5x10.5)(inches),676,5.0 out of 5 stars,79
www.amazon.in/Wildcraft-Squad-Casual-Backpack-12332_Play_Off_Black/dp/B0836KBH1M,Wildcraft 30.5 Ltrs Squad 1 Play Off Black Casual Backpack (12332_Play_Off_Black)(HxWxD : 18.5x12.5x8)(inches),849,4.7 out of 5 stars,836
www.amazon.in/Wildcraft-Explr_Blu-Casual-Backpack-11629-Explr_Blu/dp/B079N5GLBV,Unisex 3 Compartment Zipper Closure Backpack (Blue_Free Size),759,4.1 out of 5 stars,175
www.amazon.in/Wildcraft-Bikeside-Casual-Backpack-12272_Bikeside_Black/dp/B0836BZGWC,35 Ltrs Blaze 2 Bikeside Black Casual Backpack (12272_Bikeside_Black)(HxWxD : 19x12.5x9.5)(inches),419,4.6 out of 5 stars,7
www.amazon.in/Wildcraft-Orange-Casual-Backpack-12273_Wc_Bold_Blue_Org/dp/B0836F1H4F,44 Ltrs Blaze 3 Wc Bold Blue Orange Casual Backpack (12273_Wc_Bold_Blue_Org)(HxWxD : 19x13.5x10.5)(inches),419,4.6 out of 5 stars,10
www.amazon.in/Wildcraft-Packs18-Laptop-Backpack-Streak/dp/B07FC4D9B5,Work Packs'18 21 Ltrs Black Laptop Backpack (Streak Plus),759,4.6 out of 5 stars,18
www.amazon.in/Wildcraft-Travel-Duffle-Frisbee-2_Black/dp/B019DWDO9Y,Nylon 18 Inch Black Travel Duffle (Frisbee 2_Black),759,5.0 out of 5 stars,"10,947"
www.amazon.in/Wildcraft-Canvas-Casual-Backpack-12247_Canvas_Navy/dp/B0836JHXCF,Wildcraft 31.5 Ltrs Pack 2 Canvas Navy Casual Backpack (12247_Canvas_Navy)(HxWxD : 18.5x13x8)(inches),"1,899",4.6 out of 5 stars,197
www.amazon.in/Wildcraft-Blaze-Casual-Backpack-12275_Bike_Top_Black/dp/B0836BRKPX,44 Ltrs Blaze 3 Bike Top Black Casual Backpack (12275_Bike_Top_Black)(HxWxD : 19x13.5x10.5)(inches),"1,801",4.5 out of 5 stars,"4,037"
www.amazon.in/Wildcraft-Yellow-Casual-Backpack-11650-Yellow/dp/B07B39STCS,29 Ltrs Yellow Casual Backpack (11650-Yellow),807,4.6 out of 5 stars,"15,936"
www.amazon.in/Wildcraft-Orange-Casual-Backpack-11612-Orange/dp/B07B35HMRD,Unisex 2 Compartment Zipper Closure Backpack (Orange_Free Size),729,5.0 out of 5 stars,806
www.amazon.in/Wildcraft-Orange-Casual-Backpack-12273_Wc_Bold_Org_Red/dp/B0836MGDBN,44 Ltrs Blaze 3 Wc Bold Orange Red Casual Backpack (12273_Wc_Bold_Org_Red)(HxWxD : 19x13.5x10.5)(inches),"2,999",5.0 out of 5 stars,207
www.amazon.in/Wildcraft-Lines_Blu-Casual-Backpack-11619-Lines_Blu/dp/B079NQG8Q5,Unisex 2 Compartment Zipper Closure Backpack (Blue_Free Size),"3,399",4.4 out of 5 stars,"2,038"
www.amazon.in/Wildcraft-Typo_Blu-Casual-Backpack-11619-Typo_Blu/dp/B079DDV3JD,35 Ltrs Casual Backpack (11619-Blue),"1,729",5.0 out of 5 stars,"7,045"
www.amazon.in/Wildcraft-Ltrs-Blue-Rucksack-8903338073871/dp/B01G5I8YAI,Nylon 45 Ltrs Blue Rucksack (8903338073871),"1,052",5.0 out of 5 stars,"9,509"
www.amazon.in/Wildcraft-Turnaround-Polyester-Laptop-8903338054702/dp/B012D51GXO,Turnaround Polyester 35 Ltrs Blue Laptop Bag (8903338054702),"1,333",3.7 out of 5 stars,"5,602"
www.amazon.in/Wildcraft-Hopper-Laptop-Backpack-Blue/dp/B07YNL6H8H,Hopper 1.0 Laptop Backpack 24L (Blue),"1,455",3.0 out of 5 stars,686
www.amazon.in/Wildcraft-Turnaround-Polyester-Laptop-8903338054696/dp/B012D518O6,Unisex-Adult 28 ltrs Laptop Bag Black,"1,399",4.7 out of 5 stars,"2,770"
www.amazon.in/Wildcraft-Ltrs-Orange-Rucksack-8903338073833/dp/B01G5I8VKQ,60 Ltrs Orange Rucksack (8903338073833),699,4.7 out of 5 stars,"3,049"
www.amazon.in/WILDCRAFT-Maestro-Plus-Navy-Coated/dp/B07GNLG5C2,Wildcraft 31 ltrs (10 Cms) backpack(8903338158141_black),797,4.0 out of 5 stars,144
www.amazon.in/Wildcraft-Packs18-Laptop-Backpack-ACE/dp/B07GNK6C98,Work Packs'18 25 Ltrs Black Laptop Backpack (Ace),749,4.8 out of 5 stars,"5,704"
www.amazon.in/Wildcraft-Laptop-Trident-XL-2_Black/dp/B019DWD8SQ,Unisex Zipper Closure Laptop Backpack (Black_Free Size),699,4.3 out of 5 stars,851
www.amazon.in/Wildcraft-Music-Backpack-Purple-11947/dp/B07ZJ7VLYG,Wiki 1 Music Backpack Purple (11947 Purple),849,4.1 out of 5 stars,602
www.amazon.in/Wildcraft-Shutter-Bug-Camera-Backpack/dp/B07GVL4R7L,Wildcraft Shutter Bug Pro Camera Backpack - Black,699,4.2 out of 5 stars,"8,842"
www.amazon.in/Wildcraft-Monster-Casual-Backpack-12372_Monster_Blue/dp/B0836J6TWG,Wildcraft 24 Ltrs Champ 5 Monster Blue Casual Backpack (12372_Monster_Blue)(HxWxD : 16.5x11x8)(inches),899,4.4 out of 5 stars,"12,766"
www.amazon.in/Wildcraft-Solid-Backpack-Grey-11911/dp/B07N1CM9QS,35 Ltrs 18.5 cms Backpack (11911 Grey_Grey),"1,899",4.2 out of 5 stars,"1,223"
www.amazon.in/Wildcraft-Wiki-Jacquard-Backpack-11951/dp/B07ZJ78WRY,Wiki 2 Jacquard Backpack Blue (11951 Blue),"1,797",4.8 out of 5 stars,"5,863"
www.amazon.in/Wildcraft-Nylon-Travel-Duffle-11550/dp/B075T81DVW,Nylon 7 inch Green Travel Duffle (11550),"1,549",3.9 out of 5 stars,"11,079"
www.amazon.in/Wildcraft-Ltrs-Black-Rucksack-8903338073819/dp/B01G5I8VBK,60 Ltrs Black Rucksack (8903338073819),"1,548",4.2 out of 5 stars,"9,289"
www.amazon.in/Wildcraft-3-Extreme-Green/dp/B0845Y2LXV,WC 3 Extreme Backpack Green (11916),"1,518",4.0 out of 5 stars,"3,286"
www.amazon.in/Wildcraft-Badge_Blu-Casual-Backpack-11629-Badge_Blu/dp/B079NXB9M1,Unisex 3 Compartment Zipper Closure Backpack (Blue_Free Size),"1,589",3.6 out of 5 stars,"1,091"
www.amazon.in/Wildcraft-Pebble-Basic-Polyester-Training/dp/B07PTYKWVL,Backpack Pebble Basic Ocean_Blue (8903338158837),"1,098",3.7 out of 5 stars,"6,637"
www.amazon.in/Wildcraft-Casual-Backpack-12251_Play_Off_Blue-HxWxD/dp/B0836KRHKP,Wildcraft 29.5 Ltrs Pack 3 Play Off Blue Casual Backpack (12251_Play_Off_Blue)(HxWxD : 18.5x13x7.5)(inches),"1,249",3.4 out of 5 stars,18
www.amazon.in/Wildcraft-Shutter-Bug-Camera-Backpack/dp/B07GVJ5LZB,Wildcraft Shutter Bug Camera Backpack - Black,"1,779",4.0 out of 5 stars,601
www.amazon.in/WILDCRAFT-Maestro-Plus-Black-Coated/dp/B07GNGG435,Wildcraft 18 ltrs (7 Cms) backpack(204493566_black),"1,779",4.2 out of 5 stars,21
www.amazon.in/Wildcraft-Jacquard-Casual-Backpak-12289_Jacquard_Black/dp/B0836D2RB1,"35 L Bravo 1 Jacquard Black Casual Backpack (12289_Jacquard_Black, H x W x D : 18x12.5x9.5 inches)","1,499",4.4 out of 5 stars,99
www.amazon.in/Wildcraft-Helmet-Casual-Backpack-12271_Helmet_Black/dp/B0836TDCVT,35 Ltrs Blaze 2 Helmet Black Casual Backpack (12271_Helmet_Black)(HxWxD : 19x12.5x9.5)(inches),999,4.0 out of 5 stars,16
www.amazon.in/Wildcraft-Black-Casual-Backpack-12250_Folk_Black/dp/B0836BX1GM,29.5 Ltrs Pack 3 Folk Black Casual Backpack (12250_Folk_Black)(HxWxD : 18.5x13x7.5)(inches),998,1.0 out of 5 stars,21
www.amazon.in/Wesley-Milestone-Waterproof-Backpack-Business/dp/B084JGJ8PF,Wesley Milestone 2.0 Casual Waterproof Laptop Backpack/Office Bag/School Bag/College Bag/Business Bag/Travel Backpack (Dimensions:13x18 inches) (Compatible with 39.62cm(15.6inch laptop) 30 L (Blue & black),"1,949",4.2 out of 5 stars,104
www.amazon.in/American-Tourister-BACKPACK-COMPARTMENT-ORGANIZER/dp/B0BTD4S4XF,"American Tourister VALEX BLACK LAPTOP BACKPACK 28 Ltrs,Volume, LAPTOP COMPARTMENT, BOTTLE POCKET, FRONT ORGANIZER","1,776",4.1 out of 5 stars,248
www.amazon.in/Number-Backpack-Compartment-Charging-Organizer/dp/B09VTDMRY7,"FUR JADEN Anti Theft Number Lock Backpack Bag with 15.6 Inch Laptop Compartment, USB Charging Port & Organizer Pocket for Men Women Boys Girls","1,675",4.5 out of 5 stars,1
www.amazon.in/Half-Moon-Waterproof-Backpack-Students/dp/B085MHDJ93,"Half Moon 35L Water Resistant 15.6 inch Laptop Bag for Men/Backpack for Men, Navy Blue | Office Bag for Men/Office Bag for Women with Padded Laptop Compartment | Rain Cover & Reflective Strips","1,699",4.3 out of 5 stars,3
www.amazon.in/ADISA-Laptop-Backpack-Office-College/dp/B09TPX22NF,ADISA 15.6 inch Laptop Backpack Office Bag College Travel Back Pack 32 Ltrs (z-Navy Blue),"2,099",4.3 out of 5 stars,53
www.amazon.in/American-Tourister-BACKPACK-COMPARTMENT-ORGANIZER/dp/B0BTD4FK9G,"American Tourister VALEX BLUE LAPTOP BACKPACK 28 Ltrs,Volume, LAPTOP COMPARTMENT, BOTTLE POCKET, FRONT ORGANIZER","1,549",4.1 out of 5 stars,12
www.amazon.in/TRUE-HUMAN-Anti-Theft-backpack-charging/dp/B09QJ7ZF2Y,"TRUE HUMAN Emperor Anti-Theft backpack With USB charging Port Laptop Bag, Office bag, college bag and anti -theft back pocket (Black)",980,4 Stars & Up,5
www.amazon.in/Safari-45L-21-OB-BLK/dp/B07BZ5VC4H,Safari Seek 45 Ltrs Overnighter Expandable Travel Laptop Backpack,"1,499",3 Stars & Up,1
www.amazon.in/Lunars-Bingo-Laptop-Resistant-48L/dp/B08YZ8FFBZ,Lunar's Bingo - 48 L Laptop Office/School/Travel/Business Backpack Water Resistant - Fits Up to 15.6 Inch Laptop Notebook with 1 Year Warranty,"2,099",2 Stars & Up,93
www.amazon.in/Gear-Black-Laptop-Backpack-LBPASPIRE0104/dp/B075MK4TXP,Gear Aspire 30L Water Restant Office Laptop Bag/Backpack for Men/Women/(Black),"1,099",1 Star & Up,123
www.amazon.in/Genie-Glitter-Backpack-Women-compartments/dp/B097JHQH13,"Genie Glitter Backpack for Women - 3 compartments, Laptop Bags for Girls, Stylish and Trendy College Backpacks for Girls, Water Resistant and Lightweight Bags for Office and Travelling Purpose.","1,099",4.0 out of 5 stars,1
www.amazon.in/Half-Moon-Resistant-Backpack-Compartment/dp/B0BJ32LQ6X,Half Moon Large 37L Laptop Bag Backpack for menं Women Boys and Girls Luggage Travel Bags with 17.3 inches Laptop Compartment & Rain Cover,899,3.0 out of 5 stars,"10,947"
www.amazon.in/Lenovo-15-6-Inches-Everyday-Backpack/dp/B08R7RPVJF,"Lenovo 15.6"" (39.62cm) Slim Everyday Backpack, Made in India, Compact, Water-resistant, Organized storage:Laptop sleeve,tablet pocket,front workstation,2-side pockets,Padded adjustable shoulder straps","1,599",4.0 out of 5 stars,"4,037"
www.amazon.in/ADISA-Laptop-Backpack-Office-College/dp/B0BPVLXD53,ADISA 32L Large Laptop Backpack Office Bag College Travel Back Pack with rain Cover (Grey),"1,449",4.3 out of 5 stars,"15,936"
www.amazon.in/Gear-Classic-Leather-Backpack-LBPCLSLTH0201/dp/B07G4F6XFH,Gear Classic 20L Faux Leather Water Resistant Anti Theft Laptop Bag/Backpack for Men/Women-Brown,"1,349",4.3 out of 5 stars,806
www.amazon.in/Safari-Laptop-Backpack-Resistant-Fabric/dp/B09B25Z8M2,"Safari Quill Laptop Backpack 26 Ltrs Water Resistant Fabric - Black, L (QUILL19CBBLK)","1,629",4.6 out of 5 stars,"2,038"
www.amazon.in/Safari-Laptop-Backpack-Resistant-Fabric/dp/B09B28TKLG,"Safari Quill Laptop Backpack 26 Ltrs Water Resistant Fabric - Blue, L (QUILL19CBBLU)","1,629",4.4 out of 5 stars,"9,509"
www.amazon.in/POLESTAR-Vintage-Laptop-Backpack-bagpack/dp/B081GSQ9D9,"POLESTAR Vintage 15.6 inch 32 LTR Casual Laptop Backpack/Office Bag/School Bag/College Bag/Business Bag/Unisex Backpack, Water Resistant and Light Weight, 1 year Warranty","1,698",4.3 out of 5 stars,"1,279"
www.amazon.in/Wesley-Milestone-Waterproof-Backpack-Business/dp/B07K8KLB3P,"Wesley Unisex Milestone Casual Waterproof Laptop Office School College Business Travel Backpack 25 L (Dimensions: 12.5x18 inches) (Compatible with 15.6 inch laptops), Navy Blue","1,390",4.2 out of 5 stars,"2,770"
www.amazon.in/Half-Moon-Trekking-Bags-Compartment/dp/B08PSX1LN9,Half Moon 45L Hammer Waterproof Laptop Travelling Rucksack Trekking Backpack for Travel Journey bags for Men Women Boys & Girls with 17.3inch Laptop Compartment & Rain cover,"1,724",4.3 out of 5 stars,"3,049"
www.amazon.in/ADISA-BP005-Weight-Casual-Backpack/dp/B07F3X45WZ,ADISA Light Weight Laptop Backpack 32 Ltrs,"1,724",4.3 out of 5 stars,144
www.amazon.in/Fur-Jaden-Black-Waterproof-Backpack/dp/B078GLXMDY,FUR JADEN Anti Theft Backpack 15.6 Inch Laptop Bag with USB Charging Port For Men Women Boys Girls,"2,395",4.4 out of 5 stars,"5,704"
www.amazon.in/ADISA-BP004-Weight-Casual-Backpack/dp/B07G3CG9FC,ADISA Laptop Backpack 31 Ltrs,"2,395",4.1 out of 5 stars,851
www.amazon.in/Artistix-Backpack-Anti-Theft-Charging-Resistance/dp/B082PKX18C,"Artistix Talon Anti Theft Design Laptop Backpack, With USB Charging Port (46 Cm, 25L,Black)","2,359",4.3 out of 5 stars,602
www.amazon.in/Dynotrek-Sack-pack-Waterproof-Chromebook-DT02SCB/dp/B09DBVBYN4,"Dynotrek 13 14 Upto 15.6"" Inch Laptop Casual Sack-pack Rucksack Travel Backpack With USB Charging Port For Men & Women Waterproof Backpack Suitable for Chromebook DT02SCB","1,680",4.4 out of 5 stars,"8,842"
www.amazon.in/Dynotrek-Chromebook-Portable-Microsoft-Charcoal/dp/B08YZ2WK32,Dynotrek Zipper 14-15 Inch Laptop Sleeve Case Cover with Charger Pouch Dustproof Brifcase Hand Bag for Men Women -Charcoal Black,"1,679",4.2 out of 5 stars,"1,770"
www.amazon.in/Dynotrek-Tipple-Shoulder-Waterproof-Polyester/dp/B09TG2QFZX,Dynotrek Tipple 11.6-13.3 Inch Laptop Sleeve Case Cover with Shoulder Strap Dustproof Sling Side Hand Bag for Men Women -Charcoal Black,"2,289",4.0 out of 5 stars,"12,766"
www.amazon.in/Dynotrek-Arrival-Laptop-Waterproof-Polyester/dp/B09W625T7W,Dynotrek Arrival 13-13.3 Inch Laptop Sleeve Case Cover with Handle Dustproof Briefcase Hand Bag for Men Women -Denim Blue,"1,199",4.3 out of 5 stars,"5,863"
www.amazon.in/Dynotrek-Velocity-Laptop-Sleeve-Messenger/dp/B0821QTW9S,Dynotrek Tricera 15.6 Inch Laptop Sleeve Case Cover with Detachual Shoulder Strap Messenger Multifunctional Briefcase Hand Bag for Men Women -Navy Blue,"5,399",4.4 out of 5 stars,"11,079"
www.amazon.in/Dynotrek-Dustproof-Watrproof-Brifcase-Charcoal/dp/B0BSR3DYPZ,Dynotrek Roller 17-17.3 Inch Laptop Sleeve Case Cover with Handle Dustproof Watrproof Brifcase Hand Bag for Men Women -Charcoal Black,"1,165",4.1 out of 5 stars,"9,289"
www.amazon.in/Dynotrek-Altron-29-Inches-Water-Resistance-Backpack/dp/B091MFHGMF,Dynotrek Altron 15.6 Laptop Casual Bagpack 27 ltrs Sack-Pack Water-Resistance Compatible for Men Women Office Bag -Dark Grey,"1,490",4.3 out of 5 stars,"3,286"
www.amazon.in/Dynotrek-Zipper-Charger-Waterproof-Polyester/dp/B09PLP1T7R,Dynotrek Zipper 15.6 Inch Laptop Sleeve Case Cover with Charger Pouch Handle Waterproof Dustproof Briefcase Hand Bag for Men Women -Charcoal Black,"1,349",4.1 out of 5 stars,158
www.amazon.in/Dynotrek-Compatible-with13-13-3-Detachable-Waterproof/dp/B0B2N97R1L,"Dynotrek Legato Protective Laptop Shoulder Bag Compatible with,13-13.3 inch, Compatible 14 inch 2022 2021 M1 A2442, Belt, Slate Black",899,4.3 out of 5 stars,"16,736"
www.amazon.in/Dynotrek-Laptop-Exterior-Waterproof-Interior/dp/B09W2D9Q6H,Dynotrek Leno 17-17.3 Inch Laptop Sleeve Case Cover with Handle Dustproof Briefcase Hand Bag for Men Women -Denim Blue,899,3.9 out of 5 stars,"9,008"
www.amazon.in/Dynotrek-Laptop-Notebook-Chromebook-Briefcase/dp/B08ZCYTD27,Dynotrek Azon Black 14-15.6 Inch Laptop Briefcase Hand Bag with Internal Accessories Organizer Compartment Waterproof Slab Canvas Polyester Fabric,"2,695",4.2 out of 5 stars,"1,555"
www.amazon.in/Dynotrek-Professional-Laptop-Sleeve-inch/dp/B08FBL5CLB,"Dynotrek Professional 15.6 Inch Laptop Case,Slim Computer Bag for Men Women,15 Inch Water-Repellent Messenger Shoulder,Office Work Bag -Charcoal Black","2,695",4.0 out of 5 stars,71
www.amazon.in/Dynotrek-Tricera-Olive-Laptop-Messenger/dp/B07JCHVZQR,Dynotrek Tricera 15.6 Inch Laptop Sleeve Case Cover with Detachual Shoulder Strap Messenger Multifunctional Briefcase Hand Bag for Men Women -Olive Green,"1,690",4.2 out of 5 stars,1
www.amazon.in/Dynotrek-Resistant-Neoprene-Briefcase-Compatible-Black/dp/B08FBK17L2,Dynotrek Handle 15.6 Inch Laptop Sleeve Case Cover with Handle Waterproof Dustproof Brifcase Hand Bag for Men Women -Charcoal Black,"1,690",4.3 out of 5 stars,2
www.amazon.in/Dynotrek-Tricera-Black-Laptop-Messenger/dp/B07JVQMDK6,Dynotrek Tricera Nylon 15.6 inches Laptop chromebook Sleeve case Cover & Multifunctional Bag - Charcoal Black for Tablets - Tablets,"1,545",4.3 out of 5 stars,40
www.amazon.in/Dynotrek-Shoulder-Messenger-Carrying-Briefcase/dp/B0C662BTS7,"Dynotrek Eiser Laptop Sleeve Cover Shoulder Bag Messenger Bag Carrying Case Briefcase Hand Bag for Men Women,","1,545",4.5 out of 5 stars,4
www.amazon.in/Dynotrek-Professional-massanger-Briefcase-inch-Black/dp/B08FBMFRSJ,"Dynotrek Professional neo Laptop massanger Bag Sleeve Briefcase for 15"" 6 inch-Black",555,4.2 out of 5 stars,3
www.amazon.in/Dynotrek-Smart-Business-Laptop-Should/dp/B08FPRTGZC,Dynotrek Smart Shell Business Laptop Bag with Should Strap for 15.6 inch Laptop ? (Light Grey),"1,840",4.2 out of 5 stars,30
www.amazon.in/Dynotrek-Professional-Laptop-Sleeve-Light/dp/B08FDS7RW8,Dynotrek Legato 15.6 Inch Laptop Messenger Bag with Detachable Shoulder Strap for Men Women Dustproof Briefcase Hand Bag -Charcoal Black,"3,576",4.4 out of 5 stars,16
www.amazon.in/Dynotrek-Carret-Laptop-Sleeve-Messenger/dp/B08QJF4MGH,Dynotrek Carrot 14.6 Inch Laptop Sleeve Case Cover Pouch with Handle Detachable Strap Multifunctional Messenger Briefcase Hand Bag -Denim Wine,"2,280",4.5 out of 5 stars,34
www.amazon.in/Dynotrek-15-6-inch-Repellent-Backpack-Unisex-Denim/dp/B08QG594P7,Dynotrek Casual Blue 15.6 Inch Water Repellent Laptop Daypack Backpack for Men/Women Unisex-Denim Blue,"1,390",4.4 out of 5 stars,36
www.amazon.in/Dynotrek-Laptop-Sleeve-Handle-Waterproof/dp/B09W31S72Q,Dynotrek Helus Blue 15.6 Inch Laptop Sleeve Case Cover with Handle Waterproof Slab Canvas Fabric Inside Soft Fur,"1,390",4.2 out of 5 stars,221
www.amazon.in/Dynotrek-Kinetic-15-6-inch-Laptop-Backpack/dp/B083835D9H,Dynotrek Kinetic 25 ltrs 15.6-inch Laptop Backpack - Blue,"1,499",4.5 out of 5 stars,88
www.amazon.in/Dynotrek-Trooper-Backpack-Separate-Compartment/dp/B08BXX324C,Dynotrek Trooper Fitpack 35 litres Laptop Cum Gym/Travel Backpack with Separate Shoes Compartment - Grey,"1,999",4.4 out of 5 stars,299
www.amazon.in/Wesley-Milestone-Waterproof-Backpack-Business/dp/B084JGJ8PF,Wesley Milestone 2.0 Casual Waterproof Laptop Backpack/Office Bag/School Bag/College Bag/Business Bag/Travel Backpack (Dimensions:13x18 inches) (Compatible with 39.62cm(15.6inch laptop) 30 L (Blue & black),598,4.2 out of 5 stars,1
www.amazon.in/Number-Backpack-Compartment-Charging-Organizer/dp/B09VTDMRY7,"FUR JADEN Anti Theft Number Lock Backpack Bag with 15.6 Inch Laptop Compartment, USB Charging Port & Organizer Pocket for Men Women Boys Girls","1,299",4.4 out of 5 stars,"10,947"
www.amazon.in/Half-Moon-Waterproof-Backpack-Students/dp/B085MHDJ93,"Half Moon 35L Water Resistant 15.6 inch Laptop Bag for Men/Backpack for Men, Navy Blue | Office Bag for Men/Office Bag for Women with Padded Laptop Compartment | Rain Cover & Reflective Strips",699,4.4 out of 5 stars,"2,038"
www.amazon.in/ADISA-Laptop-Backpack-Office-College/dp/B09TPX22NF,ADISA 15.6 inch Laptop Backpack Office Bag College Travel Back Pack 32 Ltrs (z-Navy Blue),529,4.4 out of 5 stars,"1,279"
www.amazon.in/TRUE-HUMAN-Anti-Theft-backpack-charging/dp/B09QJ7ZF2Y,"TRUE HUMAN Emperor Anti-Theft backpack With USB charging Port Laptop Bag, Office bag, college bag and anti -theft back pocket (Black)",499,4.4 out of 5 stars,"2,770"
www.amazon.in/Lunars-Bingo-Laptop-Resistant-48L/dp/B08YZ8FFBZ,Lunar's Bingo - 48 L Laptop Office/School/Travel/Business Backpack Water Resistant - Fits Up to 15.6 Inch Laptop Notebook with 1 Year Warranty,"1,299",3.9 out of 5 stars,"1,223"
www.amazon.in/Wesley-Spartan-Hiking-Raincover-Organiser/dp/B098QFF5TJ,Wesley Spartan Unisex Travel Hiking Laptop Bag fits Upto 17.3 inch with Raincover and Internal Organiser Backpack Rucksack College Bag,599,3.8 out of 5 stars,"1,736"
www.amazon.in/Half-Moon-Resistant-Backpack-Compartment/dp/B0BJ32LQ6X,Half Moon Large 37L Laptop Bag Backpack for menं Women Boys and Girls Luggage Travel Bags with 17.3 inches Laptop Compartment & Rain Cover,"1,999",4.3 out of 5 stars,"1,235"
www.amazon.in/Lenovo-15-6-Inches-Everyday-Backpack/dp/B08R7RPVJF,"Lenovo 15.6"" (39.62cm) Slim Everyday Backpack, Made in India, Compact, Water-resistant, Organized storage:Laptop sleeve,tablet pocket,front workstation,2-side pockets,Padded adjustable shoulder straps",899,4.5 out of 5 stars,317
www.amazon.in/ADISA-Laptop-Backpack-Office-College/dp/B0BPVLXD53,ADISA 32L Large Laptop Backpack Office Bag College Travel Back Pack with rain Cover (Grey),"1,099",4.2 out of 5 stars,"1,780"
www.amazon.in/Gear-Classic-Leather-Backpack-LBPCLSLTH0201/dp/B07G4F6XFH,Gear Classic 20L Faux Leather Water Resistant Anti Theft Laptop Bag/Backpack for Men/Women-Brown,"1,199",3.8 out of 5 stars,433
www.amazon.in/Safari-Laptop-Backpack-Resistant-Fabric/dp/B09B25Z8M2,"Safari Quill Laptop Backpack 26 Ltrs Water Resistant Fabric - Black, L (QUILL19CBBLK)",749,4.3 out of 5 stars,"1,920"
www.amazon.in/Safari-Laptop-Backpack-Resistant-Fabric/dp/B09B28TKLG,"Safari Quill Laptop Backpack 26 Ltrs Water Resistant Fabric - Blue, L (QUILL19CBBLU)",649,4.6 out of 5 stars,"3,368"
www.amazon.in/POLESTAR-Vintage-Laptop-Backpack-bagpack/dp/B081GSQ9D9,"POLESTAR Vintage 15.6 inch 32 LTR Casual Laptop Backpack/Office Bag/School Bag/College Bag/Business Bag/Unisex Backpack, Water Resistant and Light Weight, 1 year Warranty",599,4 Stars & Up,"2,401"
www.amazon.in/Gear-Vintage2-Leather-Backpack-LBPVG2LTH0101/dp/B07G44G1DC,Gear Vintage2 28L Faux Leather Water Resistant Anti Theft Laptop Bag/Backpack for Men/Women-Black,988,3 Stars & Up,"1,129"
www.amazon.in/Wesley-Milestone-Waterproof-Backpack-Business/dp/B07K8KLB3P,"Wesley Unisex Milestone Casual Waterproof Laptop Office School College Business Travel Backpack 25 L (Dimensions: 12.5x18 inches) (Compatible with 15.6 inch laptops), Navy Blue",849,2 Stars & Up,70
www.amazon.in/ADISA-BP005-Weight-Casual-Backpack/dp/B07F3X45WZ,ADISA Light Weight Laptop Backpack 32 Ltrs,849,1 Star & Up,174
www.amazon.in/Fur-Jaden-Black-Waterproof-Backpack/dp/B078GLXMDY,FUR JADEN Anti Theft Backpack 15.6 Inch Laptop Bag with USB Charging Port For Men Women Boys Girls,549,4.3 out of 5 stars,575
www.amazon.in/ADISA-BP004-Weight-Casual-Backpack/dp/B07G3CG9FC,ADISA Laptop Backpack 31 Ltrs,425,4.3 out of 5 stars,84
www.amazon.in/Artistix-Backpack-Anti-Theft-Charging-Resistance/dp/B082PKX18C,"Artistix Talon Anti Theft Design Laptop Backpack, With USB Charging Port (46 Cm, 25L,Black)","1,199",4.0 out of 5 stars,457
www.amazon.in/Gear-Colorado-Orange-Laptop-Backpack/dp/B097K6KD7W,F Gear Colorado Grey Orange 39 Ltrs Laptop Backpack (3814),499,3.9 out of 5 stars,14
www.amazon.in/F-Gear-Luxur-Brown-Backpack/dp/B01F7AX9ZA,F Gear Luxur Brown 25 liter Laptop Backpack (2404),899,3.9 out of 5 stars,"1,558"
www.amazon.in/Backpack-Small-Black-Water-Repellant/dp/B088XB5XY8,"Mi Step Out 12 L Mini Backpack (Small Size, Black, Water Repellant)",499,4.2 out of 5 stars,40
www.amazon.in/Gear-Vintage2-Leather-Backpack-LBPVG2LTH1901/dp/B07G4F3758,Gear Vintage2 Anti Theft Faux Leather 18 cms Tan Laptop Backpack,999,3.8 out of 5 stars,9
www.amazon.in/Resek-Printed-School-Laptop-Backpack/dp/B08171ZQ7N,Resek Grey Blue Printed School Bags 16.5 inch Laptop Backpack….,599,4.5 out of 5 stars,6
www.amazon.in/Swiss-Military-Backpack-Charging-Organizer/dp/B0BPT29Y6Y,"Swiss Military Combo Pack of Laptop Backpack with USB Charging Port and Bag Organizer, Multi Pocket Organizer for Travel, LBP93 and TW2",449,3.9 out of 5 stars,"15,936"
www.amazon.in/Swiss-Military-Backpack-Charging-Toiletry/dp/B0BPSXK3W1,"Swiss Military Combo Pack of Laptop Backpack with USB Charging Port and Toiletry Bag/Travel Pouch, LBP93 and TB9",499,4.3 out of 5 stars,806
www.amazon.in/Supermarche-Casual-School-15-6-inch-Backpack/dp/B07QQTBDQL,Supermarche Casual Bag Pack/School Bag 27 ltrs 15.6-inch Laptop Backpack (Red),449,4.3 out of 5 stars,"2,038"
www.amazon.in/Resistant-Travel-Bagpack-Backpack-Business/dp/B09YDDJGMV,DIVING DEEP 34 Liters Casual/Office/Water Resistant Travel Bagpack/College Backpack/School Bag/Office Bag/Business Backpack/Daypack for Men and Women unisex backpack,699,3.9 out of 5 stars,"1,279"
www.amazon.in/Backpack-Attached-Charging-Resistant-Lightweight/dp/B09MVZ6S3H,CENTAUR Laptop Backpack | Anti Theft | Attached Charging Port | Office Bag | School Bag | College Bag | Business Bag | Unisex Travel Backpack | Stylish Design | Water Resistant | Lightweight | Bag Colour (Black) | 15.6 Inches,349,4.4 out of 5 stars,"2,770"
www.amazon.in/Diving-Laptop-backpack-Backpack-College/dp/B09B296WZZ,Diving Deep Laptop backpack for Men & Women Laptop Backpack Backpack for Men and Women|Unisex Backpack College Bag for Boys and Girls Office Backpack School Bag,819,3.8 out of 5 stars,851
www.amazon.in/Business-Laptop-Camping-Backpack-Leater/dp/B0B6S1BD6Q,Business For Laptop Camping Backpack 15.6 Inch Pu Leater Laptop Bag,449,4.4 out of 5 stars,602
www.amazon.in/Trendy-Retail-Diving-Snorkelling-Travel/dp/B091J8554X,Trendy Retail Scuba Dive Gear Diving Snorkelling Camp Canoe Kayak Bag Mesh Sling Travel Bag Large Black,499,3.9 out of 5 stars,"8,842"
www.amazon.in/Scuba-Diving-Snorkelling-Canoe-Travel/dp/B09ZKZ6X27,Loom Tree Scuba Dive Gear Diving Snorkelling Camp Canoe Kayak Bag Mesh Sling Travel Bag Large Black,399,4.0 out of 5 stars,"5,863"
www.amazon.in/Calandis-Scuba-Diving-Snorkelling-Travel/dp/B09ZNW8C31,CALANDIS Scuba Dive Gear Diving Snorkelling Camp Canoe Kayak Bag Mesh Sling Travel Bag Large Black,449,3.9 out of 5 stars,"11,079"
www.amazon.in/HTC18-Scuba-Diving-Snorkelling-Travel/dp/B0BN3SJS2P,HTC18 Scuba Dive Gear Diving Snorkelling Camp Canoe Kayak Bag Mesh Sling Travel Bag Large Black,999,4.3 out of 5 stars,"9,289"
www.amazon.in/Samriddhi-Quality-Genuine-Premium-Colour/dp/B07G9CZXBJ,sri sathya sai Baba- shirdi sai Baba-Shiv Vinyl Poster,799,4.1 out of 5 stars,313
www.amazon.in/Backpack-Charging-Waterproof-Suitable-Chromebook/dp/B0BNPKMTT7,Luice Travel Backpack With USB Charging Port For Men & Women Waterproof Backpack Suitable for Chromebook,349,4.0 out of 5 stars,35
www.amazon.in/Crazy-Flame-Classic-Leather-Backpack/dp/B0BRPX2ZHH,Crazy Flame Classic 28 L Brown Colour Leather Finish Laptop Backpack,899,4.0 out of 5 stars,"5,532"
www.amazon.in/Crazy-Flame-Classic-Leather-Backpack/dp/B0BRPV5K27,Crazy Flame Classic 28 L Black Colour Leather Finish Laptop Backpack,499,4.0 out of 5 stars,"4,897"
www.amazon.in/Winoso-Lightweight-Backpacks-Charging-Multicolor/dp/B09X611VJX,Winoso Lightweight Casual Laptop Backpacks with USB Charging Port.(Black)(Multicolor),999,4.3 out of 5 stars,71
www.amazon.in/Pinklips-Shopping-Rafael-Tennis-Backpack/dp/B09V2KS3RG,Pinklips Shopping Rafael Nadal Tennis Lover Theme Fan Art Laptop Bag Casual School Backpack (COMBO OF 3-SIZE BAGS) - PINKBAGS_11,"1,299",4 Stars & Up,"1,736"
www.amazon.in/Daniel-Clarion-DC-102-SeaGreen-Black-Resistance-Backpack/dp/B0BLCR8DYM,"Daniel Clarion DC-102-SeaGreen-Black Water Resistance Bag For Men,Women,gilrs,boys/college 30 L Laptop Backpack",499,3 Stars & Up,39
www.amazon.in/Pinklips-Shopping-Federer-Tennis-Backpack/dp/B0B6FR5SDL,Pinklips Shopping Roger Federer Tennis Lover Theme Fan Art Laptop Bag Casual School Backpack (COMBO OF 3-SIZE BAGS) - PINKBAGS_035,999,2 Stars & Up,"1,235"
www.amazon.in/Pinklips-Shopping-Federer-Tennis-Backpack/dp/B09V2LDZLN,Pinklips Shopping Roger Federer Tennis Lover Theme Fan Art Laptop Bag Casual School Backpack (COMBO OF 3-SIZE BAGS) - PINKBAGS_08,649,1 Star & Up,317
www.amazon.in/CALANDIS-Tennis-Handbag-Portable-Racquet/dp/B0BSNNQ81Y,CALANDIS Tennis Handbag Portable Racquet Covers Sport Bag Tote Tennis Racket Bag White,399,3.8 out of 5 stars,755
www.amazon.in/CALANDIS-Tennis-Handbag-Portable-Racquet/dp/B0BSNMGQN5,CALANDIS Tennis Handbag Portable Racquet Covers Sport Bag Tote Tennis Racket Bag Pink,788,4.2 out of 5 stars,"10,173"
www.amazon.in/CALANDIS-Tennis-Holder-Pickleballs-Training/dp/B0BSNP8QVJ,CALANDIS Tennis Ball Holder Pickleballs Waist Hip Training Bag Pouch Women Men Sack Black,"3,399",3.4 out of 5 stars,"1,780"
www.amazon.in/CALANDIS-Tennis-Holder-Pickleballs-Training/dp/B0BSNN946F,CALANDIS Tennis Ball Holder Pickleballs Waist Hip Training Bag Pouch Women Men Sack White,349.,4.1 out of 5 stars,"5,751"
www.amazon.in/IVELECT-Waterproof-Backpack-Resistance-Badminton/dp/B0BFQ2YG6Y,IVELECT Waterproof Tennis Racket Backpack Abrasion Resistance Badminton Bag Rose Red,349.,3.7 out of 5 stars,"5,212"
www.amazon.in/Waterproof-Backpack-Abrasion-Resistance-Badminton/dp/B09ZKYJZWV,Loom Tree Waterproof Tennis Racket Backpack Abrasion Resistance Badminton Bag Rose Red,349.,4.1 out of 5 stars,"7,204"
www.amazon.in/IVELECT-Waterproof-Backpack-Resistance-Badminton/dp/B0BFQ2ZR1N,IVELECT Waterproof Tennis Racket Backpack Abrasion Resistance Badminton Bag Orange,349.,4.4 out of 5 stars,433
www.amazon.in/Calandis-Waterproof-Backpack-Resistance-Badminton/dp/B09ZNT44YF,CALANDIS Waterproof Tennis Racket Backpack Abrasion Resistance Badminton Bag Purple,349.,3.9 out of 5 stars,275
www.amazon.in/IVELECT-Badminton-Shoulder-Outdoor-Multi-Purpose/dp/B0BFQ36669,IVELECT Sport Badminton Racket Bag Single Shoulder Outdoor Multi-Purpose Pack Yellow,349,4.1 out of 5 stars,97
www.amazon.in/Badminton-Tennis-Squash-Racket-Drawstring/dp/B09ZKYVQHK,Loom Tree Badminton Tennis Squash Racket Cover Pack Case Carry Bag with Drawstring,349.,3.8 out of 5 stars,6
www.amazon.in/Badminton-Racket-Shoulder-Outdoor-Multi-Purpose/dp/B09ZKXLY5R,Loom Tree Sport Badminton Racket Bag Single Shoulder Outdoor Multi-Purpose Pack Yellow,389.,5.0 out of 5 stars,5
www.amazon.in/Calandis-Badminton-Tennis-Squash-Drawstring/dp/B09ZNVG4B3,CALANDIS Badminton Tennis Squash Racket Cover Pack Case Carry Bag with Drawstring,598,4.4 out of 5 stars,4
www.amazon.in/Trendy-Retail-Badminton-Shoulder-Multi-Purpose/dp/B09TBPR5ZM,Trendy Retail Sport Badminton Racket Bag Single Shoulder Outdoor Multi-Purpose Pack Coffee,699,4.1 out of 5 stars,"3,230"
www.amazon.in/uppercase-Professional-Backpack-resistant-sustainable/dp/B0BRMWDNZ7,"uppercase 26 Ltrs Ryder Professional Laptop Backpack (15.6 Inch) 3x more water resistant sustainable bags with rain proof zippers for Men, Women, Boys and Girls, 750 Days warranty",529,3.6 out of 5 stars,514
www.amazon.in/Impulse-Imptag-Backpack-Business-Resistant/dp/B0C1CRFTFP,Impulse Imptag 45L Laptop Backpack/Office Bag/School Bag/College Bag/Business Bag/Travel Backpack Water Resistant Fits Up to 16 Inch Laptop with Rain Cover & 1 Year Warranty,499,3.7 out of 5 stars,130
www.amazon.in/Impulse-Impbee-Backpack-Business-Resistant/dp/B0C1CSS81H,Impulse Impbee 45L Laptop Backpack/Office Bag/School Bag/College Bag/Business Bag/Travel Backpack Water Resistant Fits Up to 16 Inch Laptop with Rain Cover & 1 Year Warranty,599,3.0 out of 5 stars,9
www.amazon.in/Impulse-Seacon-Backpack-Business-Resistant/dp/B0C1CQWVR9,Impulse Seacon 40L Laptop Backpack/Office Bag/School Bag/College Bag/Business Bag/Travel Backpack Water Resistant Fits Up to 16 Inch Laptop with 1 Year Warranty,899,3.9 out of 5 stars,5
www.amazon.in/Impulse-ImpExplore-Backpack-Business-Resistant/dp/B0C1CS244V,Impulse ImpExplore 45L Laptop Backpack/Office Bag/School Bag/College Bag/Business Bag/Travel Backpack Water Resistant Fits Up to 16 Inch Laptop with Rain Cover & 1 Year Warranty,698,4.3 out of 5 stars,13
www.amazon.in/Impulse-Parkar-Backpack-Business-Resistant/dp/B0C1H2PRCF,Impulse Parkar 40L Laptop Backpack/Office Bag/School Bag/College Bag/Business Bag/Travel Backpack Water Resistant Fits Up to 16 Inch Laptop with 1 Year Warranty,"1,050",4.0 out of 5 stars,511
www.amazon.in/Impulse-ImpTravel-Backpack-Business-Resistant/dp/B0C1CSRTYG,Impulse ImpTravel U 35L Laptop Backpack/Office Bag/School Bag/College Bag/Business Bag/Travel Backpack Water Resistant Fits Up to 16 Inch Laptop with 1 Year Warranty,749,4 Stars & Up,70
www.amazon.in/Impulse-Seacon-Lite-Resistant-Black/dp/B0C3MM2D6X,Impulse Seacon Lite 35L Laptop Backpack/Office Bag/School Bag/College Bag/Business Bag/Travel Backpack Water Resistant Fits Up to 16 Inch Laptop with 1 Year Warranty(Black),649,3 Stars & Up,3
www.amazon.in/uppercase-Backpack-1800EBP1-resistant-sustainable/dp/B0B9T4YDPX,"uppercase Laptop Backpack Printed Compact 3x more water repellent sustainable bags with rain proof zippers for Men, Women, Boys & Girls(Pink)",599,2 Stars & Up,37
www.amazon.in/Backpack-Business-Resistant-Computer-Notebook/dp/B07QN4C359,"OPTIMA High Voltage series Travel Laptop Backpack, Business Slim Durable Laptops Backpack,Water Resistant College School Computer Bag for Women & Men Fits 15.6 Inch Laptop and Notebook",988,1 Star & Up,43
www.amazon.in/Impulse-Seacon-Lite-Resistant-Grey/dp/B0C3MM9MPK,Impulse Seacon Lite 35L Laptop Backpack/Office Bag/School Bag/College Bag/Business Bag/Travel Backpack Water Resistant Fits Up to 16 Inch Laptop with 1 Year Warranty(Grey),849,4.5 out of 5 stars,2
www.amazon.in/F-Gear-Bluechip%C2%A0Black-38-Ltrs-Laptop-Backpack/dp/B08Z83XFWB,F Gear Bluechip Black 30 Ltrs Laptop Backpack (3749),849,Previous page,1
www.amazon.in/Original-Bags-Rucksack-Backpack-Znt/dp/B079M693B8,Brown Vintage Leather Backpack Laptop Messenger Bag for College School Office Rucksack by ZNT BAGS (Ganune Brown),549,Next page,15
www.amazon.in/Targus-Cypress-EcoSmart-TBS92602GL-Slipcase/dp/B0868RYRYC,"Targus 35.56 cm (14"") Cypress EcoSmart TBS92602GL Slipcase (Grey)",990,Previous page,101
www.amazon.in/POLICE-ltrs-cms-backpack-PTO020008_1_black/dp/B0B81YTTWS,"uppercase Medium 23 Ltrs Tall Boy (14.6 inch) Laptop Backpack 2500EBP1 3x more water resistant sustainable bag with rain proof zippers for Men, Women, Boys and Girls, 750 Days warranty",425,Next page,108
www.amazon.in/Stanley-Skating-Resistant-Backpack-Computer/dp/B09791CP7X,"jaspo Roller Skating Bag, Quad & Inline Skates (Water Resistant), Casual/Office/College Book Backpack Computer/Laptop Bag for Both Kids & Adults Travel Backpack",499,Previous page,704
www.amazon.in/Bags-Field-Polyester-Resistant-Backpack/dp/B0BT9V5B2V,Bags Field Polyester Freesia 25L Water Resistant Laptop/College/School/Office Bag Backpack for Men/Women/Boys/Girls with Rain Cover (Red),899,4.0 out of 5 stars,500
www.amazon.in/Generic-LAPTOP-BAG-0-150/dp/B0BS9XD21P,LAPTOP BAG,499,3.9 out of 5 stars,5
www.amazon.in/JanSport-Main-Campus-Cordura-Backpack/dp/B08W2KT6DJ,"JanSport Main Campus Cordura Backpack - School, Travel, or Work Bookbag w 15-Inch Laptop Pack with Leather Trims",999,4.1 out of 5 stars,4
www.amazon.in/Enterfit-Software-Engineer-Printed-Laptop/dp/B08XNXBPTN,Enterfit Software Engineer Printed Laptop Bag,728,4.2 out of 5 stars,10
www.amazon.in/United-Colors-Benetton-Backpack-Standard/dp/B091PQ5CMV,"United Colors of Benetton 18L Navy/Red Laptop Backpack, Standard",980,4.0 out of 5 stars,61
www.amazon.in/Trendy-Retail-Waterproof-Resistance-Badminton/dp/B09TCP9T51,Trendy Retail Waterproof Tennis Racket Backpack Abrasion Resistance Badminton Bag Purple,398,4.3 out of 5 stars,16
www.amazon.in/CALANDIS-Skating-Breathable-Storage-Handbags/dp/B0BSNMS9YW,CALANDIS Skating Shoes Bag Breathable Skates Storage Bag Handbags Roller Skates Bag Black,836,Next page,14
www.amazon.in/CALANDIS-Tennis-Handbag-Portable-Racquet/dp/B0BSNNQ81Y,CALANDIS Tennis Handbag Portable Racquet Covers Sport Bag Tote Tennis Racket Bag White,479,4.5 out of 5 stars,1
www.amazon.in/Wesley-Milestone-Waterproof-Backpack-Business/dp/B084JGJ8PF,Wesley Milestone 2.0 Casual Waterproof Laptop Backpack/Office Bag/School Bag/College Bag/Business Bag/Travel Backpack (Dimensions:13x18 inches) (Compatible with 39.62cm(15.6inch laptop) 30 L (Blue & black),"2,883",4.5 out of 5 stars,4
www.amazon.in/TRUE-HUMAN-Anti-Theft-backpack-charging/dp/B09QJ7ZF2Y,"TRUE HUMAN Emperor Anti-Theft backpack With USB charging Port Laptop Bag, Office bag, college bag and anti -theft back pocket (Black)","3,045",4.0 out of 5 stars,1
www.amazon.in/Wesley-Spartan-Hiking-Raincover-Organiser/dp/B098QFF5TJ,Wesley Spartan Unisex Travel Hiking Laptop Bag fits Upto 17.3 inch with Raincover and Internal Organiser Backpack Rucksack College Bag,549,4.3 out of 5 stars,3
www.amazon.in/Half-Moon-Backpack-Luggage-Compartment/dp/B09VCLZ3K4,Half Moon Large 37L Laptop Bag Backpack for menं Women Boys and Girls Luggage Travel Bags with 17.3 inches Laptop Compartment & Rain Cover,599,4.0 out of 5 stars,322
www.amazon.in/Half-Moon-Trekking-Bags-Compartment/dp/B08PSX1LN9,Half Moon 45L Hammer Waterproof Laptop Travelling Rucksack Trekking Backpack for Travel Journey bags for Men Women Boys & Girls with 17.3inch Laptop Compartment & Rain cover,919,3.9 out of 5 stars,2
www.amazon.in/Tabelito-Laptop-Backpack-15-6-inch-Repellent/dp/B08Y5S6C2P,"Tabelito® Casual Laptop Bag 15.6inch (39.6 cm) , 25 LTR Office College School Bags Business Travel Backpack for Men Women Water Resistant Bags(BLACK)",499,3.9 out of 5 stars,1
www.amazon.in/WILDHORN-Backpack-Compartment-Business-Stitching/dp/B09QL66G55,"WILDHORN 31L Laptop Backpack for Men/Women I Fits upto 15.6"" Laptop I Waterproof I Travel/Business/College Bookbags",840,3.8 out of 5 stars,15
www.amazon.in/NORTH-ZONE-Waterproof-Backpack-Dimensions/dp/B0BS6QM2GD,NORTH ZONE Casual Waterproof Laptop Backpack/Office Bag/School Bag/College Bag/Business Bag/Travel Backpack (Dimensions:13x18 inches) (Compatible with 39.62cm(15.6inch laptop) 30 L,"1,650",3.9 out of 5 stars,"7,045"
www.amazon.in/TRUE-HUMAN-Anti-Theft-charging-combination/dp/B09H7PK5ML,TRUE HUMAN Anti-Theft and USB charging port backpack with security lock Laptop bag|office bag| for men and women (Grey),920,4.1 out of 5 stars,851
www.amazon.in/Half-Moon-Travelling-Rucksack-Compartment/dp/B09WDGZ32L,Half Moon 55 litres Travelling Laptop Bag/Rucksack Backpack for Luggage Travel Journey Trekking Hiking Bags for Men Women Boys and Girls with Laptop Compartment & Rain Cover,921,3.9 out of 5 stars,602
www.amazon.in/FATMUG-Laptop-Bag-Men-Convertible/dp/B084LF4RT5,"FATMUG Laptop Bag For Men - Convertible Backpack For Office And Travel (Dark Grey,Oxford Fabric)","1,064",4.4 out of 5 stars,851
www.amazon.in/Hoteon-Backpack-Anti-Theft-Earphone-Resistant/dp/B08HM4TQZZ,"Golden Wolf Laptop Bag Anti-theft Backpack with Lock College School Laptop Backpack with Rain Cover Water Resistant Business Backpack with USB Port for 15.6-inch Laptop Office Travel Bag for Men and Women Gifts, Dark Grey",599,3.8 out of 5 stars,114
www.amazon.in/DZert-School-Polyester-Backpack-White/dp/B07GXYHFCY,DZert Clasy Laptop Bag College Bag for Boys Girls 21 L Blue White,799,4.4 out of 5 stars,150
www.amazon.in/TRUE-HUMAN-Anti-Theft-backpack-combination/dp/B09VCHV6T5,"TRUE HUMAN® Emperor Anti-Theft backpack with combination lock Laptop bag,office bag for Men and Women | College Bags for Girls & Boys (Zyden)",849,3.9 out of 5 stars,177
www.amazon.in/ZIPLINE-Polyester-Backpack-College-Outdoor/dp/B09XN3YD4Q,Zipline Unisex Casual Polyester 36 L Blue Backpack School Bag Women Men Boys Girls College Bag,849,4.0 out of 5 stars,135
www.amazon.in/TRUE-HUMAN%C2%AE-Laptop-Backpack-College/dp/B0BKTQ48D5,TRUE HUMAN® 32 Ltr Laptop Backpack for Men and Women| USB Port Travel Backpack|College Bags for Girls & Boys (Blue),999,3.9 out of 5 stars,2
www.amazon.in/Bennett-15-6-inch-Repellent-Backpack-ben_cas_blue/dp/B09WZKB54G,"Bennett 15.6 inch Laptop Bag Men/Women, 25 L Water Resistant School/College Backpack with Padded Laptop Compartment for Apple/Dell/Lenovo/Asus/Hp/Mi/MacBook/Ultrabook/Thinkpad/Ideapad (Blue)",699,4.4 out of 5 stars,322
www.amazon.in/bg1905-Capacity-Laptop-Travelling-Backpack/dp/B082MKHDJ1,TSPARK Red Lemon bg1905 15.6 inch 35 LTR Capacity Laptop Bag for Men Travelling Hiking Backpack for Men and Women,"1,199",4.3 out of 5 stars,10
www.amazon.in/Arctic-Hunter-Hustle-Anti-Theft-Waterproof/dp/B0978KPKQJ,"WALKENT ARCTIC HUNTER 17"" inch Laptop Bag 41L (Model Hustle) Expandable, Waterproof, External USB, Anti-Theft Backpack for Office Men Women",999,4.0 out of 5 stars,2
www.amazon.in/Storite-Canvas-Backpack-Charging-Brown/dp/B0B7XBZYFS,"Storite Vintage Canvas Laptop Backpack for Women Men, School College Bag with USB Charging Port Fashion Backpack Fits 14Inch Notebook, (Brown,30x12x41 Cm)","5,447",4.0 out of 5 stars,"1,727"
www.amazon.in/Swisslook-Polyester-15-6-inch-Backpack-Waterproof/dp/B07XYTZP4Z,Red Lemon Swisslook Polyester Bange Series 45L 15.6-inch Laptop Bags Backpack for Men and Women Waterproof USB Anti Theft Travel Backpack,"5,455",4.0 out of 5 stars,9
www.amazon.in/Anti-theft-Backpack-Separate-Semi-Hard-Resistant/dp/B0B6FXRBR8,"Arctic Hunter Business Backpack Anti-theft Laptop Bag for Men with Customs Lock and Separate Small Packet,Semi-Hard Gaming Bag for 15.6 inch Laptop Stylish Backpack for Men Water-resistant/Scratch-resistant, Black","1,191",4.3 out of 5 stars,1
www.amazon.in/Red-Lemon-Convertible-Water-resistant-Compartments/dp/B09WYT2G88,"Red Lemon Arctic Hunter 3 in 1 Adjustable 40L Laptop Backpack Fits up to 17 inches Laptops Multifunctional, Business, Water Resistant, Travel, Unisex Laptop Backpack with USB charging Port","1,194",4.3 out of 5 stars,2
www.amazon.in/BUCKETLIST%C2%AE-Backpack-Charging-Waterproof-Briefcase/dp/B0B2DXRG4D,BucketList® Anti Theft Backpack with USB Charging Port 17.5 Inch Laptop Bagpack Waterproof Casual Unisex Bag for School College Office Travel Casual Hiking Fashion Briefcase for Men Women (Black),"4,492",4.4 out of 5 stars,2
www.amazon.in/Half-Moon-Waterproof-Backpack-Students/dp/B085MHDJ93,"Half Moon 35L Water Resistant 15.6 inch Laptop Bag for Men/Backpack for Men, Navy Blue | Office Bag for Men/Office Bag for Women with Padded Laptop Compartment | Rain Cover & Reflective Strips","3,896",4.1 out of 5 stars,"2,372"
www.amazon.in/ADISA-Laptop-Backpack-Office-College/dp/B09TPX22NF,ADISA 15.6 inch Laptop Backpack Office Bag College Travel Back Pack 32 Ltrs (z-Navy Blue),"4,424",4.3 out of 5 stars,498
www.amazon.in/TRUE-HUMAN-Anti-Theft-backpack-charging/dp/B09QJ7ZF2Y,"TRUE HUMAN Emperor Anti-Theft backpack With USB charging Port Laptop Bag, Office bag, college bag and anti -theft back pocket (Black)","3,796",4 Stars & Up,1
www.amazon.in/Wesley-Spartan-Hiking-Raincover-Organiser/dp/B098QFF5TJ,Wesley Spartan Unisex Travel Hiking Laptop Bag fits Upto 17.3 inch with Raincover and Internal Organiser Backpack Rucksack College Bag,"1,559",3 Stars & Up,1
www.amazon.in/Half-Moon-Resistant-Backpack-Compartment/dp/B0BJ32LQ6X,Half Moon Large 37L Laptop Bag Backpack for menं Women Boys and Girls Luggage Travel Bags with 17.3 inches Laptop Compartment & Rain Cover,"1,239",2 Stars & Up,178
www.amazon.in/Safari-Laptop-Backpack-Resistant-Fabric/dp/B09B25Z8M2,"Safari Quill Laptop Backpack 26 Ltrs Water Resistant Fabric - Black, L (QUILL19CBBLK)","1,331",1 Star & Up,84
www.amazon.in/Safari-Laptop-Backpack-Resistant-Fabric/dp/B09B28TKLG,"Safari Quill Laptop Backpack 26 Ltrs Water Resistant Fabric - Blue, L (QUILL19CBBLU)","1,248",3.7 out of 5 stars,4
www.amazon.in/POLESTAR-Vintage-Laptop-Backpack-bagpack/dp/B081GSQ9D9,"POLESTAR Vintage 15.6 inch 32 LTR Casual Laptop Backpack/Office Bag/School Bag/College Bag/Business Bag/Unisex Backpack, Water Resistant and Light Weight, 1 year Warranty","8,425",1.0 out of 5 stars,5
www.amazon.in/ADISA-BP005-Weight-Casual-Backpack/dp/B07F3X45WZ,ADISA Light Weight Laptop Backpack 32 Ltrs,"2,400",1.0 out of 5 stars,36
www.amazon.in/Fur-Jaden-Black-Waterproof-Backpack/dp/B078GLXMDY,FUR JADEN Anti Theft Backpack 15.6 Inch Laptop Bag with USB Charging Port For Men Women Boys Girls,796,4.2 out of 5 stars,"8,602"
www.amazon.in/ADISA-BP004-Weight-Casual-Backpack/dp/B07G3CG9FC,ADISA Laptop Backpack 31 Ltrs,936,3.8 out of 5 stars,5
www.amazon.in/Gear-Workspace-Briefcase-Black-Red-BKPWRPHYD0101/dp/B097KGL2M5,Gear Workspace 18L Water Resistant Laptop Bag/Backpack/Office Bag for Men/Women-Black,"1,856",5.0 out of 5 stars,220
www.amazon.in/TRUE-Emperor-Anti-Theft-backpack-charging/dp/B0BYB631NR,"TRUE HUMAN® Emperor Anti-Theft Pocket backpack With USB charging Port Laptop,office,college,travel bag for men and women(Epower)",749,4.3 out of 5 stars,5
www.amazon.in/Police-Polyester-laptop-casual-backpack/dp/B09CQ5T3LN,POLICE Backpack for Men Casual Laptop Bag Office/Travel/College 30 Ltr Hedge Polyester - Black,"1,856",4.0 out of 5 stars,19
www.amazon.in/HAMMONDS-FLYCATCHER-Genuine-Shoulder-Messenger/dp/B07P2TQH78,"Hammonds Flycatcher Genuine Leather Laptop Bag for Men/Office Bag for Men, Brown | Fits Upto 16 Inch Laptop/MacBook| Leather Bag with Shoulder Straps | Laptop Messenger Bag/Leather Bag for Men |",609,3.4 out of 5 stars,9
www.amazon.in/NORTH-ZONE-Lightweight-Backpacks-Stylish/dp/B0BL3TVDK6,Northzone Lightweight school bags Backpacks for Boys Girls Stylish men and women Casual Travel Laptop Bag College office (Black) 40L,"1,762",4.4 out of 5 stars,1
www.amazon.in/Tabelito-Laptop-Backpack-15-6-inch-Repellent/dp/B08Y5S6C2P,"Tabelito® Casual Laptop Bag 15.6inch (39.6 cm) , 25 LTR Office College School Bags Business Travel Backpack for Men Women Water Resistant Bags(BLACK)","1,200",4.1 out of 5 stars,23
www.amazon.in/ADISA-Laptop-Backpack-Office-College/dp/B0BXQZ6Q85,ADISA Large Laptop Backpack Office Bag College Travel Back Pack with USB (Black),799,3.4 out of 5 stars,7
www.amazon.in/WILDHORN-Backpack-Compartment-Business-Stitching/dp/B09QL66G55,"WILDHORN 31L Laptop Backpack for Men/Women I Fits upto 15.6"" Laptop I Waterproof I Travel/Business/College Bookbags","1,762",4.7 out of 5 stars,3
